-- --------------------------------------------------------
-- Host:                         127.0.0.1
-- Versión del servidor:         5.7.16-log - MySQL Community Server (GPL)
-- SO del servidor:              Win64
-- HeidiSQL Versión:             9.4.0.5125
-- --------------------------------------------------------

/*!40101 SET @OLD_CHARACTER_SET_CLIENT=@@CHARACTER_SET_CLIENT */;
/*!40101 SET NAMES utf8 */;
/*!50503 SET NAMES utf8mb4 */;
/*!40014 SET @OLD_FOREIGN_KEY_CHECKS=@@FOREIGN_KEY_CHECKS, FOREIGN_KEY_CHECKS=0 */;
/*!40101 SET @OLD_SQL_MODE=@@SQL_MODE, SQL_MODE='NO_AUTO_VALUE_ON_ZERO' */;


-- Volcando estructura de base de datos para abruzzesa_admin
DROP DATABASE IF EXISTS `abruzzesa_admin`;
CREATE DATABASE IF NOT EXISTS `abruzzesa_admin` /*!40100 DEFAULT CHARACTER SET utf8 */;
USE `abruzzesa_admin`;

-- Volcando estructura para tabla abruzzesa_admin.alumno
DROP TABLE IF EXISTS `alumno`;
CREATE TABLE IF NOT EXISTS `alumno` (
  `id_alumno` int(11) NOT NULL AUTO_INCREMENT,
  `dni` varchar(45) NOT NULL,
  `nombre` varchar(255) NOT NULL,
  `apellido` varchar(255) NOT NULL,
  `fecha_nacimiento` datetime DEFAULT NULL,
  `direccion` varchar(255) DEFAULT NULL,
  `telefono` varchar(90) NOT NULL,
  `celular` varchar(90) DEFAULT NULL,
  `correo` varchar(255) DEFAULT NULL,
  `profesion` varchar(255) DEFAULT NULL,
  `fecha_alta` datetime DEFAULT NULL,
  `usuario` varchar(90) DEFAULT NULL,
  `es_socio` bit(1) DEFAULT b'0',
  PRIMARY KEY (`id_alumno`)
) ENGINE=InnoDB AUTO_INCREMENT=307 DEFAULT CHARSET=utf8;

-- Volcando datos para la tabla abruzzesa_admin.alumno: ~226 rows (aproximadamente)
DELETE FROM `alumno`;
/*!40000 ALTER TABLE `alumno` DISABLE KEYS */;
INSERT INTO `alumno` (`id_alumno`, `dni`, `nombre`, `apellido`, `fecha_nacimiento`, `direccion`, `telefono`, `celular`, `correo`, `profesion`, `fecha_alta`, `usuario`, `es_socio`) VALUES
	(2, '5979832', 'Maria Luisa', 'Avoledo', '2017-05-05 00:00:00', 'Santiago 1287', '4401947', NULL, NULL, NULL, '2017-05-26 00:00:00', NULL, b'0'),
	(4, '5088357', 'Aida Maria', 'Benavidez', '2017-05-05 00:00:00', 'Rueda 2277', '4311702', NULL, NULL, NULL, '2017-06-01 00:00:00', NULL, b'0'),
	(8, '5499958', 'Mercedes', 'Silva', '2017-05-05 00:00:00', 'Pje. Espora 1336', '4403701', NULL, NULL, NULL, '2017-05-05 00:00:00', NULL, b'0'),
	(9, '6066499', 'Alberto', 'Daniele', '2017-05-05 00:00:00', 'Pje. Espora 1336', '4403701', NULL, NULL, NULL, '2017-05-05 00:00:00', NULL, b'0'),
	(10, '29509886', 'Soledad', 'Arancón', '2017-05-05 00:00:00', 'BV. Oroño 3546 2º', '4316979', NULL, NULL, NULL, '2017-05-05 00:00:00', NULL, b'0'),
	(11, '3963472', 'antonia', 'Arquier', '1940-10-24 00:00:00', 'zeballos 2161', '4214402', NULL, NULL, NULL, '2017-05-26 00:00:00', NULL, b'0'),
	(12, '39659862', 'Antonella', 'Comba', '1996-06-26 00:00:00', 'almafuerte 671', '4306286', NULL, NULL, NULL, '2017-05-26 00:00:00', NULL, b'0'),
	(13, '10866448', 'elena', 'Arnaiz', '1953-12-31 00:00:00', 'constitucion 1055', '4300513', NULL, NULL, 'docente', '2017-05-26 00:00:00', NULL, b'0'),
	(14, '3718091', 'alicia ines', 'Bessone', '1938-08-04 00:00:00', '3 de febrero 2764', '153507212', NULL, NULL, NULL, '2017-05-26 00:00:00', NULL, b'0'),
	(15, '5700885', 'Liliana Maria ', 'conforti', '1947-12-10 00:00:00', NULL, '4248734', NULL, NULL, 'psicologa', '2017-05-26 00:00:00', NULL, b'0'),
	(16, '33301058', 'marina', 'maggi', '2014-09-08 00:00:00', 'zeballos 2410', '4219564', '156720853.', 'marinamaggi1988gmail.com', 'estudiante', '2017-05-26 00:00:00', NULL, b'0'),
	(17, '13077441', 'lidia', 'mannino', '1959-04-26 00:00:00', 'suipacha 1330 dto 1', '4301479', NULL, NULL, NULL, '2017-05-26 00:00:00', NULL, b'0'),
	(18, '5819939', 'maria del carmen', 'carnovale', '2017-05-11 00:00:00', 'stos dummont 1554', '4396542', '155882447', 'mari-rueda23@hotmail.com', NULL, '2017-05-26 00:00:00', NULL, b'0'),
	(19, '35585744', 'maria paula', 'martinez', '1990-01-02 00:00:00', 'santiago 291 1ero c', '3419008679', NULL, NULL, NULL, '2017-05-26 00:00:00', NULL, b'0'),
	(20, '5172010', 'susana cecilia', 'gonzalez', '2017-05-11 00:00:00', 'pellegrini 4196 pb', '4380268-6796504', NULL, NULL, NULL, '2017-05-26 00:00:00', NULL, b'0'),
	(21, '3433070', 'stella maris', 'bustos', '1951-07-24 00:00:00', 'e de febrero 4601', '3433070', NULL, 'angelu_06@hotmail.com', NULL, '2017-05-26 00:00:00', NULL, b'0'),
	(22, '30074010', 'natalia raquel', 'pedernera', '1983-02-09 00:00:00', '9 de julio 1962 13 c', '2432053', '153729830', NULL, NULL, '2017-05-26 00:00:00', NULL, b'0'),
	(23, '35022238', 'florencia', 'perez', '1990-06-13 00:00:00', 'crespo 1251 1ero b', '156273910', '156273910', 'florenciaperezsaccone@gmail.com', 'prof. ingles', '2017-05-26 00:00:00', NULL, b'0'),
	(24, '37713172', 'damian', 'laroche', NULL, 'urquiza 2947', '03464544808', '03464544808', NULL, NULL, '2017-05-26 00:00:00', NULL, b'0'),
	(25, '36004790', 'sofia', 'mir', '1991-07-30 00:00:00', 'paraguay 1091', '02477-15592760', '02477-15592760', NULL, NULL, '2017-05-26 00:00:00', NULL, b'0'),
	(26, '5499401', 'norma', 'dell\'orfano', '1946-10-27 00:00:00', 'anchorena 678', '156490348', '156190348', 'normadell\'orfano@hotrmail.com', NULL, '2017-05-26 00:00:00', NULL, b'0'),
	(27, '35070709', 'paula valeria', 'di giacomo', '1990-05-23 00:00:00', 'urquiza 2356 dto 2', '3413032458', '3413032458', NULL, 'Estudiante', '2017-05-26 00:00:00', NULL, b'0'),
	(28, '31951654', 'leonardo ruben', 'morelli', '1985-12-08 00:00:00', '3 de febrero 2338 11a', '156666560', '156666560', NULL, NULL, '2017-05-26 00:00:00', NULL, b'0'),
	(29, '12195333', 'analia lujan', 'montaña', '1958-02-08 00:00:00', 'españa 1340 p 12 dto b', '4210016', '156102929º', NULL, NULL, '2017-05-26 00:00:00', NULL, b'0'),
	(30, '34602674', 'nicolas', 'rueda', '1989-08-31 00:00:00', 'ayacucho 3220', '4817235', '156725223', NULL, NULL, '2017-05-26 00:00:00', NULL, b'0'),
	(31, '17094348', 'miguel angel', 'loria', '1964-11-17 00:00:00', 'liniers 3288', '4323182', NULL, NULL, NULL, '2017-05-26 00:00:00', NULL, b'0'),
	(32, '14403533', 'carlos', 'murialdo', '1961-08-14 00:00:00', 'ituzaingo ', '4852498', '156421149', NULL, NULL, '2017-05-26 00:00:00', NULL, b'0'),
	(33, '22788127', 'rodolfo alejandro', 'gomez', '1972-06-12 00:00:00', 'av 25 de mayo 4440 iberlucea', '155196337', '155196337', 'rodolfoag7@hotmail.com', NULL, '2017-05-26 00:00:00', NULL, b'0'),
	(34, '16646190', 'patricia', 'alcine', '1964-05-08 00:00:00', 'oroño 169 p12 dto c', '156297788', '156297788', 'alcinepatricia@hotmail.com', 'docente', '2017-05-26 00:00:00', NULL, b'0'),
	(35, '14016191', 'monica', 'chamorro', NULL, 'gral savio 1020', '4615554', '155414717', NULL, 'vicedirectora', '2017-05-26 00:00:00', NULL, b'0'),
	(36, '6235209', 'carlos alfredo', 'payra', '1938-07-27 00:00:00', 'cordoba 1765 7mo A', '4230601', '4260601', NULL, 'ingeniero', '2017-05-26 00:00:00', NULL, b'0'),
	(37, '33317000', 'paula ', 'La Monaco', '1988-01-08 00:00:00', 'zeballos 3237', '152034820', '152034820', NULL, NULL, '2017-05-26 00:00:00', NULL, b'0'),
	(38, '21531848', 'elisabet', 'olmedo', '1970-05-07 00:00:00', '9 de julio 3117', '153671471', '153671471', NULL, 'portera', '2017-05-26 00:00:00', NULL, b'0'),
	(39, '38904755', 'maria pilar', 'foussat', '1995-02-16 00:00:00', 'ayacucho 1828', '156456897', '156456897', NULL, NULL, '2017-05-26 00:00:00', NULL, b'0'),
	(40, '12720682', 'graciela', 'govino', '1958-11-11 00:00:00', 'ayacucho 1828', '4853904', '155590687', NULL, 'arquitecta', '2017-05-26 00:00:00', NULL, b'0'),
	(41, '16306720', 'alicia', 'osella', NULL, '9 de julio 1776 2do c', '4482586', '4482586', NULL, NULL, '2017-05-26 00:00:00', NULL, b'0'),
	(42, '44429879', 'romina', 'comizio', '2002-08-29 00:00:00', '3 de febrero 1366', '156609333', '156609333', 'roolakd@gmail.com', NULL, '2017-05-26 00:00:00', NULL, b'0'),
	(43, '3833783', 'norma', 'cortese', '1938-12-03 00:00:00', 'matheu 627', '4540313', '4540313', NULL, 'jubilada', '2017-05-26 00:00:00', NULL, b'0'),
	(44, '12804555', 'marisa', 'pini', '1959-02-24 00:00:00', 'laprida 3355', '153654313', '153654313', 'marisajudge@live.com', 'docente', '2017-05-26 00:00:00', NULL, b'0'),
	(45, '11520238', 'adriana ', 'scorsoni', '1955-09-05 00:00:00', 'montevideo 2375 3ro b', '152530808', '152530808', 'adriscorsoni@hotmail.com', NULL, '2017-05-26 00:00:00', NULL, b'0'),
	(46, '23936881', 'andrea', 'krot', '1974-10-26 00:00:00', 'españa 1340 4 to b', '155957777', '155957777', 'andreakrot@hotmail.com', 'contadora', '2017-05-26 00:00:00', NULL, b'0'),
	(47, '30802434', 'maria ', 'osacar', '1984-06-15 00:00:00', 'santiago 1136 dpto 5', '15603588', '156013588', NULL, 'contadora', '2017-05-26 00:00:00', NULL, b'0'),
	(48, '34541890', 'rodrigo ', 'mastrangelo', '1988-04-20 00:00:00', 'rodriguez 1062 8vo 2', '4253385', '4253385', NULL, 'administrativo', '2017-05-26 00:00:00', NULL, b'0'),
	(50, '33562401', 'german', 'maugeri', '1988-05-13 00:00:00', 'virasoro 2086', '4448816', '4448816', NULL, 'autonomo', '2017-05-26 00:00:00', NULL, b'0'),
	(51, '7685707', 'esteban pablo', 'geromini', '1949-01-01 00:00:00', 'italia 1215 5to c', '4217840', '4217840', NULL, 'docente', '2017-05-26 00:00:00', NULL, b'0'),
	(52, '4940321', 'edda ana', 'buzzo', '1945-05-19 00:00:00', 'pasco 3991', '4322900', '156759451', NULL, 'jubilada', '2017-05-26 00:00:00', NULL, b'0'),
	(53, '10495633', 'beatriz graciela ', 'couselo', '1952-06-23 00:00:00', 'pte roca 4077', '155417053', '155417053', NULL, 'jubilada', '2017-05-26 00:00:00', NULL, b'0'),
	(54, '11753018', 'susana', 'gobernatore', '1955-06-23 00:00:00', 'av f aerea 2350 funes', '4939188', '155505635', NULL, NULL, '2017-05-26 00:00:00', NULL, b'0'),
	(55, '6358489', 'beatriz graciela', 'recanatesi', '1950-04-05 00:00:00', 'cochabamba 47', '4822627', '4822627', NULL, 'abogado', '2017-05-26 00:00:00', NULL, b'0'),
	(56, '34933647', 'matias ', 'sorribas', '1990-02-07 00:00:00', 'coulin 1768', '156015135', '156015135', NULL, 'fotografo', '2017-05-26 00:00:00', NULL, b'0'),
	(57, '5819034', 'lucrecia', 'rodriguez', '1948-11-02 00:00:00', 'oroño 3505', '4644533', '464455', NULL, NULL, '2017-05-26 00:00:00', NULL, b'0'),
	(58, '26379540', 'soledad', 'salva', '1977-12-10 00:00:00', '3 de febrero 3610', '153524119', '153524119', NULL, 'comerciante', '2017-05-26 00:00:00', NULL, b'0'),
	(59, '11449862', 'isabel', 'ridao', '1954-12-24 00:00:00', 'del valle iberlucea 688 3ero a', '155871807', '155871807', NULL, 'docente', '2017-05-26 00:00:00', NULL, b'0'),
	(60, '11874861', 'silvia', 'bottale', '1955-10-29 00:00:00', 'avellaneda 641 bis', '155706908', '155706908', NULL, 'docente', '2017-05-26 00:00:00', NULL, b'0'),
	(61, '17460428', 'silvia alejandra', 'schnitzler mondino', '1965-01-25 00:00:00', 'rodriguez 974 p baja', '4210302', '4210302', NULL, 'docente', '2017-05-26 00:00:00', NULL, b'0'),
	(62, '4600994', 'maria del carmen ', 'plano', '1943-05-20 00:00:00', 'ituzaingo 1010 3ero b', '4854553', '4854553', NULL, 'jubilada', '2017-05-26 00:00:00', NULL, b'0'),
	(63, '6072163', 'hector', 'carrozzo', '1947-08-06 00:00:00', 'c colon 2287', '4822327', '4822327', 'hbcarrozzo@gmail.com', NULL, '2017-05-26 00:00:00', NULL, b'0'),
	(64, '12700266', 'susana', 'milicic', '1956-11-23 00:00:00', 'montevideo 1940', '4495964', '4495964', NULL, 'jubilada', '2017-05-26 00:00:00', NULL, b'0'),
	(65, '11151246', 'adriana ', 'cardone', '1953-12-02 00:00:00', 'e rios  1137 p 11 dto 4', '4402669', '4402669', NULL, 'medico', '2017-05-26 00:00:00', NULL, b'0'),
	(66, '11270185', 'ana beatriz', 'briganti', '1954-05-15 00:00:00', 'dean funes 1953', '153782643', '153782643', NULL, NULL, '2017-05-26 00:00:00', NULL, b'0'),
	(67, '5269474', 'adriana beatriz', 'camporini', '1946-04-14 00:00:00', 'sanjuan 2377', '156426350', '156426350', NULL, 'abogada', '2017-05-26 00:00:00', NULL, b'0'),
	(68, '20020014', 'carolina', 'de cara', '1968-03-27 00:00:00', 'ramon lista 3421', '155648292', '155648292', NULL, NULL, '2017-05-26 00:00:00', NULL, b'0'),
	(69, '11287887886', 'cecilia ', 'maximino', '1954-08-27 00:00:00', 'constitucion 1524', '156423020', '156423020', NULL, NULL, '2017-05-26 00:00:00', NULL, b'0'),
	(70, '6367598', 'graciela', 'ruscitti', '1951-02-19 00:00:00', 'culasciati 6262', '4357967', '154026715', NULL, NULL, '2017-05-26 00:00:00', NULL, b'0'),
	(71, '23755976', 'carina', 'seijas', '1974-08-26 00:00:00', 'san juan 4445', '156407380', '153407380', NULL, NULL, '2017-05-26 00:00:00', NULL, b'0'),
	(72, '14938822', 'silvia', 'casagrande', '1963-06-11 00:00:00', 'agrelo 1521', '4550948', '156239349', NULL, 'comerciante', '2017-05-26 00:00:00', NULL, b'0'),
	(73, ' f  2790181', 'beatriz', 'pons suarez', '1937-01-12 00:00:00', 'zeballos 2139  2do', '4211156', '4211156', NULL, NULL, '2017-05-26 00:00:00', NULL, b'0'),
	(74, '6246763', 'alicia maria', 'torres', '1949-09-06 00:00:00', 'dr luis vila 798', '4542419', '4542419', NULL, 'jubilada', '2017-05-26 00:00:00', NULL, b'0'),
	(75, '5424658', 'olga', 'SERRA', '1947-03-31 00:00:00', 'PTE ROCA 434 1ERO C', '4254639', '4254639', NULL, NULL, '2017-05-26 00:00:00', NULL, b'0'),
	(76, '5468624', 'marta', 'vidal', '1947-07-29 00:00:00', 'echeverria 460 gro baigorria', '4711684', '156519750', NULL, NULL, '2017-05-26 00:00:00', NULL, b'0'),
	(77, '23061268', 'pamela', 'valenciano', '1972-07-29 00:00:00', 'mitre 1375', '155786362', '155786362', NULL, NULL, '2017-05-26 00:00:00', NULL, b'0'),
	(78, '34588409', 'antonela', 'fonzo', '1989-06-30 00:00:00', 'LAVALLE31', '156880888', '156880888', NULL, NULL, '2017-05-26 00:00:00', NULL, b'0'),
	(79, '35447177', 'juliana natali ', 'rivero', '1990-08-02 00:00:00', 'o lagos 1112 8vo b', '156772317', '156772317', NULL, NULL, '2017-05-26 00:00:00', NULL, b'0'),
	(81, '32371756', 'florencia', 'recabarren', '1986-05-06 00:00:00', 'oroño 480 4to d', '291 155010830', '291 155010830', NULL, NULL, '2017-05-26 00:00:00', NULL, b'0'),
	(82, '27229706', 'gisela', 'acosta', '1979-03-25 00:00:00', 'liniers 3288', '153225583', '153225583', NULL, 'empleada', '2017-05-26 00:00:00', NULL, b'0'),
	(83, '33070293', 'rodrigo', 'calcaterra', '1987-07-31 00:00:00', 'jose ingenieros 2247', '155961022', '155961022', NULL, 'grafico', '2017-05-17 00:00:00', NULL, b'0'),
	(84, '33364778', 'florencia', 'bruno', NULL, 'entre rios 1339', '4475861', '4475861', NULL, 'farmaceutica', '2017-05-26 00:00:00', NULL, b'0'),
	(85, '6047079', 'adalberto', 'bearzotti', '1942-08-31 00:00:00', 'dorrego 1428', '4243244', NULL, NULL, 'jubilado', '2017-05-26 00:00:00', NULL, b'0'),
	(86, '11874031', 'norberto omar', 'selvetti', NULL, 'riobamba 3840', '156184736', '156184736', NULL, 'contador', '2017-06-01 00:00:00', NULL, b'0'),
	(87, '33317672', 'vanina', 'rizk', '1989-09-12 00:00:00', 'pte roca 1450', '153053627', '153053627', NULL, 'trad. ingles', '2017-06-01 00:00:00', NULL, b'0'),
	(89, '12282447', 'laura cristina', 'rossetti', '1958-05-26 00:00:00', 'lavalle31', '4393313', '155830910', 'laurossetti@hotmail.com', 'jubilada', '2017-05-26 00:00:00', NULL, b'1'),
	(90, '290001140', 'gabriel ernesto', 'toledo', '1981-09-10 00:00:00', 'urquiza 1749', '156600077', '15600077', NULL, 'abogado', '2017-05-26 00:00:00', NULL, b'0'),
	(91, '10188713', 'susana celia', 'zandarin', '1952-02-17 00:00:00', 'mendoza 2650 2do c', '155089726', '155089726', NULL, 'profesora de ingles', '2017-06-01 00:00:00', NULL, b'0'),
	(92, '18359169', 'maria gabriela', 'alvarez', '1964-09-27 00:00:00', 'rueda 1817', '156967172', '156967172', NULL, 'maestra especial', '2017-06-16 00:00:00', NULL, b'0'),
	(93, '34557742', 'maria giorgina', 'chiasselotti', '1989-07-16 00:00:00', 'zeballos 1808', '153696282', '153696282', NULL, NULL, '2017-06-16 00:00:00', NULL, b'0'),
	(94, '40361601', 'francisco', 'belley', '1997-08-23 00:00:00', 'dorrego 1778', '4853379', '4853379', 'fran.belbey@gmail.com', NULL, '2017-06-16 00:00:00', NULL, b'0'),
	(95, '23964069', 'maria laura', 'bonetto', '1974-05-06 00:00:00', 'cordoba 1664 5to a', '4259096', '156165060', NULL, 'administrativa', '2017-06-16 00:00:00', NULL, b'0'),
	(96, '32959021', 'leandro hector', 'bilbao', NULL, 'san luis 725 piso 3 dpto 1', '156880580', '156880580', NULL, 'empleado', '2017-06-16 00:00:00', NULL, b'0'),
	(97, '13878216', 'sergio adrian ', 'bozzone', '1960-02-05 00:00:00', 'pellegrini 1795', '155793912', '155793912', NULL, 'viajante', '2017-06-16 00:00:00', NULL, b'0'),
	(98, '20175049', 'daniel', 'bueno', '1968-02-20 00:00:00', 'guatemala 879', '153007634', '153007634', NULL, 'empleado', '2017-06-16 00:00:00', NULL, b'0'),
	(99, '13032401', 'marta silvia', 'campos', '1957-04-15 00:00:00', '24de septiembre 846', '152005329', '152005329', NULL, 'arquitecta', '2017-06-16 00:00:00', NULL, b'0'),
	(100, '20643292', 'gabriela ', 'casá', '1969-03-07 00:00:00', 'guatemala 879', '155714094', '155704091', NULL, 'docente', '2017-06-16 00:00:00', NULL, b'0'),
	(101, '18074727', 'SILVIA', 'CEBALLOS', '1967-02-19 00:00:00', 'SUIPACHA 1099 3RO A', '153724997', '153724997', NULL, 'EMPLEADA', '2017-06-16 00:00:00', NULL, b'0'),
	(102, '5621064', 'nilda', 'de martino', '2047-09-16 00:00:00', NULL, '4241387', '4241387', 'nildi916@yahoo.com.ar', NULL, '2017-06-16 00:00:00', NULL, b'0'),
	(103, '24327499', 'Gisella', 'Fernandez', '1975-02-10 00:00:00', 'Santiago 1423 4C', '1569113193', NULL, NULL, NULL, '2017-03-01 00:00:00', NULL, b'0'),
	(104, '13898481', 'guillermo pedro', 'pingitore', '1960-07-04 00:00:00', 'crespo 1081', '4398202', NULL, NULL, NULL, '2017-06-16 00:00:00', NULL, b'0'),
	(105, '14863848', 'claudia beatriz', 'picchi', '1962-05-04 00:00:00', 'crespo 1081', '4398202', NULL, NULL, NULL, '2017-06-16 00:00:00', NULL, b'0'),
	(106, '39950180', 'karen', 'roca arroyo', '1996-10-30 00:00:00', ' zeballos 1770 5to a', '2434247', NULL, NULL, NULL, '2017-06-16 00:00:00', NULL, b'0'),
	(107, '5448817', 'orfili maria', 'ortiz', '1946-11-12 00:00:00', 'tucuman 1356 2do c', '4488023', NULL, NULL, NULL, '2017-06-16 00:00:00', NULL, b'0'),
	(108, '93714009', 'maria del pilar', 'vicente mailla', NULL, 'villarino 3709', '4644510', NULL, NULL, NULL, '2017-06-16 00:00:00', NULL, b'0'),
	(109, '37832092', 'carolina', 'oña', '1994-06-18 00:00:00', 'catamarca 3629', '4356592', '156391744', 'caarolaona@gmail.com', NULL, '2017-06-16 00:00:00', NULL, b'0'),
	(111, '38289875', 'ORNELLA LUCIA', 'MAZZUFERO', '1994-07-06 00:00:00', 'CALLAO 5227', '153905788', '153905788', 'ornellamazzufero@hotmail.com', NULL, '2017-06-16 00:00:00', NULL, b'0'),
	(112, '29069645', 'emiliano', 'marinozzi', '1981-12-07 00:00:00', 'san juan 3941 c', '156859638', NULL, NULL, NULL, '2017-06-16 00:00:00', NULL, b'0'),
	(113, '25765474', 'luciana', 'lucero', '1977-02-22 00:00:00', 'juan manuel de rosas 1286', '155831402', '155831402', NULL, NULL, '2017-06-16 00:00:00', NULL, b'0'),
	(114, '29125733', 'gabriel', 'kovacevich', '1981-11-20 00:00:00', 'colon 1428', '156657210', '156657210', NULL, NULL, '2017-06-16 00:00:00', NULL, b'0'),
	(115, '6246598', 'isabel', 'iglesias', '1950-11-17 00:00:00', 'pje guido 1046', '155003399', '155003399', NULL, NULL, '2017-06-16 00:00:00', NULL, b'0'),
	(116, '41604014', 'giuliana', 'gallardo', '1999-01-14 00:00:00', 'pje satna maria 3542', '3054495', '30544495', NULL, NULL, '2017-06-16 00:00:00', NULL, b'0'),
	(117, '37299374', 'julieta', 'gueglio', '0993-03-23 00:53:48', 'san juan 1920', '155621939', NULL, NULL, NULL, '2017-06-16 00:00:00', NULL, b'0'),
	(118, '37289947', 'ana paula', 'fumaneri', '1993-03-02 00:00:00', 'mitre 1333 2do a', '034415447317', '0344415447317', NULL, NULL, '2017-06-16 00:00:00', NULL, b'0'),
	(119, '34820179', 'julia', 'franco', '1989-11-06 00:00:00', 'tucuman 7974', '3413156903', '153156903', NULL, NULL, '2017-06-16 00:00:00', NULL, b'0'),
	(120, '39929440', 'giorgina', 'fianzese', '1998-03-27 00:00:00', 'san juan 1997', '03885012982', '03885012982', 'gerginafranzese@hotmail.com', NULL, '2017-06-16 00:00:00', NULL, b'0'),
	(121, '39489998', 'maria rocio', 'fischer', '1996-03-12 00:00:00', 'pte roca 510 1ero a', '0336154560538', '0336154560538', 'rociofischer_12@hotmail.com', NULL, '2017-06-16 00:00:00', NULL, b'0'),
	(123, '39049906', 'nerina', 'fray', '1992-08-07 00:00:00', 'pueyrredon 4869', '153471025', '153471025', NULL, NULL, '2017-03-07 00:00:00', NULL, b'0'),
	(124, '39049906', 'nerina', 'fray', '1992-08-07 00:00:00', 'pueyrredon 4869', '153471025', '153471025', NULL, NULL, '2017-03-07 00:00:00', NULL, b'0'),
	(125, '39049906', 'nerina', 'fray', '1992-08-07 00:00:00', 'pueyrredon 4869', '153471025', '153471025', NULL, NULL, '2017-03-07 00:00:00', NULL, b'0'),
	(126, '39049906', 'nerina', 'fray', '1992-08-07 00:00:00', 'pueyrredon 4869', '153471025', '153471025', NULL, NULL, '2017-03-07 00:00:00', NULL, b'0'),
	(127, '39049906', 'nerina', 'fray', '1992-08-07 00:00:00', 'pueyrredon 4869', '153471025', '153471025', NULL, NULL, '2017-03-07 00:00:00', NULL, b'0'),
	(128, '39049906', 'nerina', 'fray', '1992-08-07 00:00:00', 'pueyrredon 4869', '153471025', '153471025', NULL, NULL, '2017-03-07 00:00:00', NULL, b'0'),
	(129, '39049906', 'nerina', 'fray', '1992-08-07 00:00:00', 'pueyrredon 4869', '153471025', '153471025', NULL, NULL, '2017-03-07 00:00:00', NULL, b'0'),
	(130, '37049906', 'nerina', 'fay', '1992-08-07 00:00:00', 'puyrredon 4869', '153471025', '153471025', NULL, NULL, '2017-06-16 00:00:00', NULL, b'0'),
	(131, '22690976', 'gabriel', 'facciano', '1972-07-09 00:00:00', 'int. constantin 134', '03402428634', '03402428634', NULL, NULL, '2017-12-01 00:00:00', 'admin', b'1'),
	(132, '35704052', 'ivana', 'failla', NULL, 'saavedra 5311', '3415810137', NULL, NULL, NULL, '2017-06-16 00:00:00', NULL, b'0'),
	(133, '29918865', 'ana belen', 'fiordelmondo', '1982-10-10 00:00:00', 'san luis 931 8vo d', '341153588788', '153588788', NULL, NULL, '2017-06-16 00:00:00', NULL, b'0'),
	(134, '8284833', 'carlos', 'fanega', '1950-05-01 00:00:00', 'pje arias 3181', '4327770', '4327770', NULL, NULL, '2017-06-16 00:00:00', NULL, b'0'),
	(135, '29923979', 'PAOLA', 'di pietro', '1989-02-17 00:00:00', 'corrientes 1596 9 b', '1561458969', '1561458969', 'paodipietro@hotmail.com', NULL, '2017-06-16 00:00:00', NULL, b'0'),
	(136, '37817301', 'gonzolo', 'dulcich', '1998-11-10 00:00:00', 'mendoza 2318', '1471688166', '3471688166', NULL, NULL, '2017-06-16 00:00:00', NULL, b'0'),
	(137, '26956484', 'eliana ', 'iannotti', '1978-11-14 00:00:00', 'cochabamba 1267', '155457172', '155457172', 'eliana.iannotti@outlook.com', NULL, '2017-06-16 00:00:00', NULL, b'0'),
	(138, '35128382', 'agustin', 'pucinelli', '2017-02-20 00:00:00', 'santa fe 2107 pb b', '34130016', '34130016', NULL, NULL, '2017-06-16 00:00:00', NULL, b'0'),
	(139, '10187390', 'mauricio hugo', 'rolla', '1952-03-07 00:00:00', 'regimiento 11 1532', '3416478277', '3416478277', NULL, NULL, '2017-06-16 00:00:00', NULL, b'0'),
	(140, '13788497', 'alberto edgardo', 'scaglione', '1960-03-24 00:00:00', 'san juan 1960', '156835307', '156835307', 'ascaglione@ciudad.com.ar', NULL, '2017-06-16 00:00:00', NULL, b'0'),
	(141, '12523835', 'marta', 'stancich', '0956-11-06 00:53:48', 'bv oroño 430 3er piso', '152003302', '152003302', NULL, NULL, '2017-06-16 00:00:00', NULL, b'0'),
	(142, '22510300', 'carina', 'stefano', '1972-03-02 00:00:00', 'bv oroño 551p 14', '152700281', '152700281', NULL, NULL, '2017-06-16 00:00:00', NULL, b'0'),
	(143, '38131892', 'ayelen', 'steffano', '1994-05-12 00:00:00', 'corrientes 1108 10 c', '152131469', '152131469', 'ayelenstefano1@gmail.com', NULL, '2017-06-16 00:00:00', NULL, b'0'),
	(144, '5206927', 'graciela alba', 'tona', '1945-11-24 00:00:00', 'montevideo 4250', '155862040-4398136', '155862040', 'gracielatona@hotmail.com', NULL, '2017-06-16 00:00:00', NULL, b'0'),
	(145, '5988429', 'maria cristina', 'vercesi', NULL, 'g del solar 895 o 114 bis', '153839451', '153839451', NULL, NULL, '2017-06-16 00:00:00', NULL, b'0'),
	(146, '12382407', 'ricardo', 'verderone', '1956-08-09 00:00:00', 'balcarce 72', '156479700', '156479700', NULL, NULL, '2017-06-16 00:00:00', NULL, b'0'),
	(147, '22955536', 'sandra mariel', 'labanca', '1972-12-19 00:00:00', 'italia 845 dto 1', '153406856', '153406856', NULL, NULL, '2017-06-16 00:00:00', NULL, b'0'),
	(148, '23061411', 'cesar', 'blasco', '1973-02-10 00:00:00', 'avellaneda 845 bis', '152104406', '152104406', NULL, NULL, '2017-06-16 00:00:00', NULL, b'0'),
	(149, '12185659', 'rosa ana', 'lorenzon', '1958-03-14 00:00:00', 'mendoza 762', '156138480', '156138480', NULL, NULL, '2017-06-16 00:00:00', NULL, b'0'),
	(150, '35585842', 'natalia carolina', 'russi', '1990-12-05 00:00:00', 'amuchastegui 777', '152179325', '152179325', NULL, NULL, '2017-06-16 00:00:00', NULL, b'0'),
	(151, '36291316', 'candela', 'lopez re', '1991-07-12 00:00:00', '3 de febero 2579', '155636285', '155636285', NULL, NULL, '2017-06-16 00:00:00', NULL, b'0'),
	(152, '5803441', 'noemi', 'forquera', '1948-03-20 00:00:00', 'bv oroño 1120 8vo a', '156839500', '156839500', NULL, NULL, '2017-06-16 00:00:00', NULL, b'0'),
	(153, '17803382', 'sergio', 'petricelli', '1966-10-09 00:00:00', 'francia 4780', '4612915', '4612915', NULL, NULL, '2017-06-16 00:00:00', NULL, b'0'),
	(154, '28308879', 'evangelina carla', 'ferrario', '1980-11-04 00:00:00', 'san juan 3941 "c"', '153656511', '153656511', NULL, NULL, '2017-06-16 00:00:00', NULL, b'0'),
	(155, '3580291', 'maria teresa ', 'orengo', '1937-10-12 00:00:00', 'rioja 3379 7mo', '4374799', '4374799', NULL, NULL, '2017-06-16 00:00:00', NULL, b'0'),
	(156, '11753108', 'hebe lis', 'gori', '1955-09-10 00:00:00', 'pje mason 3254', '155898900', '155898900', NULL, NULL, '2017-06-16 00:00:00', NULL, b'0'),
	(157, '35130751', 'camila', 'grimi', '1990-04-14 00:00:00', 'suipacha 270', '153787245', '153787245', NULL, NULL, '2017-06-16 00:00:00', NULL, b'0'),
	(158, '34820087', 'ramiro gaston', 'cirigliano', '1989-04-25 00:00:00', 'italia 4475', '153368627', '153368627', NULL, NULL, '2017-06-16 00:00:00', NULL, b'0'),
	(159, '33527493', 'EZEQUIEL', 'caminos', '1988-04-14 00:00:00', 'pje pestalozzi 839 pb 03', '156381395', '156381395', NULL, NULL, '2017-06-16 00:00:00', NULL, b'0'),
	(160, '25712585', 'jose ruben', 'cantero', '1977-02-27 00:00:00', 'hornero 232 perez', '4956449', '4956449', 'jose_22_1977@hotmail.com', NULL, '2017-06-16 00:00:00', NULL, b'0'),
	(161, '14430367', 'carlos alberto', 'landaburo', NULL, 'alberdi 643 2do d', '3278788', '3278788', NULL, NULL, '2017-06-16 00:00:00', NULL, b'0'),
	(162, '34652108', 'agostina', 'piaggio', '1989-04-21 00:00:00', 'italia 2154', '4922763', '153321661', NULL, NULL, '2017-06-16 00:00:00', NULL, b'0'),
	(163, '32125771', 'federico', 'd\'angelo', '1986-05-02 00:00:00', 'cordoba 2421 8vo a', '156555185', '156555185', NULL, NULL, '2017-06-16 00:00:00', NULL, b'0'),
	(164, '20643277', 'monica', 'derive', '1969-03-06 00:00:00', 'san juan 2036 1ero b', '156852087', '156852087', NULL, NULL, '2017-06-16 00:00:00', NULL, b'0'),
	(165, '20174681', 'mabel ester', 'ojeda', '1968-04-04 00:00:00', 'las florers 3652', '4624253', NULL, NULL, NULL, '2017-06-16 00:00:00', NULL, b'0'),
	(166, '6246803', 'graciela liliana', 'velazquez', NULL, 'montevideo 2578 4to b', '156237979', '156237979', 'gracielavelazquez04@hotmail.com', NULL, '2017-06-16 00:00:00', NULL, b'0'),
	(167, '37335310', 'bruno', 'bucciarelli', '1993-10-24 00:00:00', 'bv segui 3090', '4312886', '156063323', NULL, NULL, '2017-06-16 00:00:00', NULL, b'0'),
	(168, '20579866', 'maria elena', 'vilella', '1969-05-17 00:00:00', 'calle 1425 9427', '4517508', '153043330', NULL, NULL, '2017-06-16 00:00:00', NULL, b'0'),
	(169, '5819791', 'yolanda graciela', 'reyes', '1948-10-06 00:00:00', 'italia 107 4to a', '4218527', '4218527', NULL, NULL, '2017-06-16 00:00:00', NULL, b'0'),
	(170, '93683612', 'milena', 'piotti', '1942-11-13 00:00:00', 'pueyrredon 115 bis', '4303005', '4303005', NULL, NULL, '2017-06-16 00:00:00', NULL, b'0'),
	(171, '32186099', 'maria florencia', 'degrave', '1986-03-11 00:00:00', 'pueyrredon 1175 11 b', '0342155006307', '0342155006307', 'flori_degrave@hotmail.com', 'contadora', '2017-06-16 00:00:00', NULL, b'0'),
	(172, '34855739', 'alejandro', 'avalis', '1990-04-24 00:00:00', '1ero mayo 2524 casilda', '03464420982', '0346415516556', 'alejandro_avalis@hotmail.com', NULL, '2017-06-16 00:00:00', NULL, b'0'),
	(173, '35704054', 'sofia', 'bucciarelli', '1991-08-16 00:00:00', 'segui 3090', '156617012', '156617012', NULL, NULL, '2017-06-16 00:00:00', NULL, b'0'),
	(174, '37066679', 'natali', 'soulé', '1992-09-24 00:00:00', 'salta 2417 3ro b', '0336154613920', '1336154613920', NULL, NULL, '2017-06-16 00:00:00', NULL, b'0'),
	(175, '12522571', 'elisabet', 'rolfo', '1956-11-04 00:00:00', 'san luis 470', '155105482', '155105482', NULL, NULL, '2017-06-16 00:00:00', NULL, b'0'),
	(177, '12256394', 'maria luisa', 'milan', '1959-02-20 00:00:00', 'valparaiso 1742 5to b', '5254909', '153631094', 'marialuisamilan@hotmail.com', NULL, '2017-06-16 00:00:00', NULL, b'0'),
	(178, '39505419', 'ailen', 'caro', '1996-08-13 00:00:00', 'arijon 211', '152790264', '152790264', NULL, NULL, '2017-06-16 00:00:00', NULL, b'0'),
	(179, '39505420', 'yamila', 'caro', '1996-08-13 00:00:00', 'arijon 211', '1653896', '152789769', NULL, NULL, '2017-06-16 00:00:00', NULL, b'0'),
	(180, '28088250', 'maria silvana', 'salono', '1980-05-20 00:00:00', 'estado de israel 1641', '1633139', '156846387', NULL, 'sistemas ing.', '2017-06-16 00:00:00', NULL, b'0'),
	(181, '13488587', 'maria eugenia', 'auchter', '1957-12-06 00:00:00', 'del valle iberlucea 1344', '4302275', '4302275', NULL, NULL, '2017-06-16 00:00:00', NULL, b'0'),
	(182, '41602729', 'Rocio Guadalupe', 'Sarmiento', '2099-01-28 00:00:00', 'Irigoyen 483 (Gra. Baigorria)', '4711644', '153221062', NULL, NULL, '2017-06-16 00:00:00', NULL, b'0'),
	(183, '10864103', 'Angela', 'Cairo', '1953-03-31 00:00:00', 'La Paz 1428', '4854323', NULL, 'acairo@hotmail.com', NULL, '2017-09-01 00:00:00', NULL, b'0'),
	(184, '18622820', 'Fabio', 'Mauro', '1967-10-04 00:00:00', 'Catamarca 1670', '155319191', NULL, 'fabio.mauro@domus.com.ar', NULL, '2017-09-01 00:00:00', NULL, b'0'),
	(185, '17807323', 'Maricel', 'Bustamante', '2066-09-12 00:00:00', 'Av. del Huerto 1389 B', '4260513', NULL, 'maricelbustamante@hotmail.com', 'Kinesiologa', '2017-09-01 00:00:00', NULL, b'0'),
	(186, '37041983', 'Carla', 'Balzaretti', '1992-09-27 00:00:00', 'Larrea 90 bis', '4305126', NULL, 'carla-s.105@hotmail.com', NULL, '2017-09-20 00:00:00', NULL, b'0'),
	(187, '7634587', 'Alberto', 'Mattaloni', '1949-05-02 00:00:00', 'Sarmiento 859 9º A', '2432832', '155148356', 'stellapasc@hotmail.com', 'Jubilada Farmaceutica', '2017-09-20 00:00:00', NULL, b'0'),
	(188, '11447141', 'Stella Maris', 'Pascual', '1954-12-21 00:00:00', 'Sarmiento 859 9º A', '2432832', '155148356', 'stellapasc@hotmail.com', NULL, '2017-10-06 00:00:00', 'admin', b'1'),
	(189, '12480261', 'monica liliana', 'penna', '1958-05-28 00:00:00', 'av francia 771', '156140393', '156140393', NULL, NULL, '2017-09-07 00:00:00', NULL, b'0'),
	(190, '14510500', 'maria ester', 'vera', '1962-03-05 00:00:00', '27 de febrero 2071', '4823857', NULL, NULL, NULL, '2017-09-07 00:00:00', NULL, b'0'),
	(191, '42326455', 'maria eugenia', 'zinzoni', '2000-05-10 00:00:00', 'galicia 327', '4546364', '156698000', NULL, NULL, '2017-09-07 00:00:00', NULL, b'0'),
	(193, '46373453', 'gladys', 'zucari', '1944-10-15 00:00:00', 'pte roca 1586 3 a', '155507777', '155507777', 'gladyszycari@yahoo.com.ar', NULL, '2017-09-07 00:00:00', NULL, b'0'),
	(194, '12512428', 'marta maria', 'biancucci', '1956-07-24 00:00:00', 'salta 1990 3ero 2', '4262173', '4262173', 'lucimabiancucci@hotmail.com', NULL, '2017-09-07 00:00:00', NULL, b'0'),
	(195, '5518038', 'armando agustin', 'azat', '1948-02-20 00:00:00', 'junin 1199', '155620295', NULL, 'armandognc@hotmail.com', NULL, '2017-10-06 00:00:00', 'admin', b'1'),
	(196, '20144894', 'marcelo', 'donnarumma', NULL, 'french 1920', '152012099', NULL, NULL, NULL, '2017-09-08 00:00:00', NULL, b'0'),
	(197, '13586839', 'sonia marisa', 'furno', '1957-11-19 00:00:00', 'francia 1156', '4389846', '6726549', 'soniafurno2fibertel.com.ar', NULL, '2017-09-08 00:00:00', NULL, b'0'),
	(198, '21583606', 'miguel angel', 'lago', '1970-03-30 00:00:00', 'mendoza 2120', '4250337', NULL, NULL, NULL, '2017-09-08 00:00:00', NULL, b'0'),
	(199, '1497515', 'alejandra', 'pantano', '1962-08-30 00:00:00', 'laprida 1816 8vo piso', '4859874', '155002090', 'aleitatipantano@hotmail.com', NULL, '2017-09-08 00:00:00', NULL, b'0'),
	(200, '21041013', 'maria alejandra', 'jose', '1969-09-08 00:00:00', 'galicia 327', '156698000', '156698000', 'dra.alejandrajose@gmail.com', NULL, '2017-09-08 00:00:00', NULL, b'0'),
	(201, '29000118', 'melisa noelia', 'raggio', '1981-11-17 00:00:00', 'don bosco 5', '152560066', '152560066', 'melisaraggio@hotmail.com', NULL, '2017-09-08 00:00:00', NULL, b'0'),
	(202, '5989575', 'beratriz ivone', 'miraglia', '1949-05-14 00:00:00', 'tucuman 7929 fisherton', '4513192', NULL, NULL, NULL, '2017-09-08 00:00:00', NULL, b'0'),
	(204, '38570308', 'maria belen', 'andurno', '1995-01-12 00:00:00', 'pasco 1585 piso 1 dto b', '0344615592747', '0344615592747', 'mariabelenandurno@hotmail.com', NULL, '2017-09-08 00:00:00', NULL, b'0'),
	(205, '37934056', 'mariana ', 'latorre', '1994-02-15 00:00:00', 'rioja 2913', '2477336138', NULL, 'marian_latorre_951@hotmail.com', NULL, '2017-09-08 00:00:00', NULL, b'0'),
	(206, '31540603', 'marianela', 'lopez', '1987-01-21 00:00:00', 'entre rios 638', '153507044', '153507044', 'marianelaflorencia@hotmail.com', NULL, '2017-09-08 00:00:00', NULL, b'0'),
	(208, '30381575', 'yamila', 'atala', '1983-08-10 00:00:00', '3 de febrero 2939', '152522083', '152522083', 'yamiatala@hotmail.com', NULL, '2017-09-08 00:00:00', NULL, b'0'),
	(209, '27264615', 'ignacio juan', 'de paz', '1979-07-12 00:00:00', '25 de mayo 1535 perez', '3414952905', '4952905', 'ijuanpaz@gmail.com', NULL, '2017-09-08 00:00:00', NULL, b'0'),
	(210, '30558017', 'maria julia', 'navarro', '1983-11-19 00:00:00', '25 de mayo 1535 perez', '4952905', NULL, 'estudio_julia@outlook.com.ar', NULL, '2017-09-08 00:00:00', NULL, b'0'),
	(211, '33468925', 'hernan', 'di luca', '1988-06-26 00:00:00', 'ayacucho 1815 4to 2do', '153447305', '153447305', NULL, NULL, '2017-09-08 00:00:00', NULL, b'0'),
	(212, '300167866', 'jimena', 'zontella', '1983-05-25 00:00:00', 'españa 11 8vo c', '152632420', '152632420', NULL, NULL, '2017-09-29 00:00:00', 'admin', b'1'),
	(213, '20174109', 'carlos', 'gazitano', '1968-03-31 00:00:00', 'LIBERTAD 176 P 17', '155111222', '155111222', NULL, NULL, '2017-10-06 00:00:00', 'admin', b'1'),
	(214, '16738465', 'patricia', 'gazitano', '1963-08-18 00:00:00', '3 de febrero 2526', '155787271', '155787271', NULL, NULL, '2017-09-08 00:00:00', NULL, b'0'),
	(215, '10188607', 'victor alberto', 'nuccetelli', '1951-12-14 00:00:00', 'santa fe 2280', '4257891', '156274776', 'victornuccelletti@gmail.com', NULL, '2017-09-08 00:00:00', NULL, b'0'),
	(216, '13551467', 'antonio raul', 'visciarelli', '1957-09-14 00:00:00', 'centeno 1350', '4636618', NULL, 'antoniovisciarelli@gmail.com', NULL, '2017-09-08 00:00:00', NULL, b'0'),
	(217, '21523570', 'marcela', 'villa', '1970-05-19 00:00:00', 'amenabar 1740', '155400169', '155400169', 'lilovilla1905@yahoo.com.ar', NULL, '2017-09-29 00:00:00', 'admin', b'1'),
	(218, '37281361', 'santiago ', 'scapini', '1993-03-10 00:00:00', 'wildw 954 bis', '153433328', '153433328', 'santiagoscapini@hotmail.com', NULL, '2017-09-08 00:00:00', NULL, b'0'),
	(219, '93590707', 'rosaria', 'simili', '1946-03-03 00:00:00', 'pje mayo 2820', '20252088', NULL, NULL, NULL, '2017-10-06 00:00:00', 'admin', b'1'),
	(220, '26550785', 'valeria', 'besazza', '1978-04-26 00:00:00', 'la paz 1427', '156207612', '156207612', NULL, NULL, '2017-09-08 00:00:00', NULL, b'0'),
	(221, '11448952', 'ana maria', 'turiani', '1954-12-23 00:00:00', '3 de febrero 3931', '153601450', '153601450', 'turianianamaria@hotmail.com', NULL, '2017-09-08 00:00:00', NULL, b'0'),
	(222, '29662646', 'elias b.', 'adaro', '1982-09-30 00:00:00', '3 de febrero', '153057374', '153057374', 'adaro.elias@gmail.com', NULL, '2017-09-08 00:00:00', NULL, b'0'),
	(223, '222449694', 'fernando', 'moreno', '1971-04-03 00:00:00', 'j j paso 7289', '155425029', '155425029', NULL, NULL, '2017-09-08 00:00:00', NULL, b'0'),
	(224, '3988377', 'marta', 'denegri', '1941-03-10 00:00:00', 'walt dysney 22565 parquefield', '4558475', NULL, NULL, NULL, '2017-09-08 00:00:00', NULL, b'0'),
	(225, '6060791', 'eduardo carlos', 'buttice', '1945-03-02 00:00:00', 'sarmiento 941', '153082321', '153082321', NULL, NULL, '2017-09-08 00:00:00', NULL, b'0'),
	(227, '42926215', 'Facundo', 'Ramirez', '2000-10-07 00:00:00', 'Pueyrredon 1442', '4255480', NULL, 'facuramireznigeliasoria@gmail.com', 'Estudiante', '2017-09-21 00:00:00', NULL, b'0'),
	(228, '2273991', 'Ada Nanci', 'Ferrara', '1935-10-18 00:00:00', 'Rodriguez 1293 2º B', '4485339', NULL, NULL, NULL, '2017-10-06 00:00:00', 'admin', b'1'),
	(230, '5803090', 'estela', 'd\'agostino', '1948-06-05 00:00:00', 'rioja 2715', '4219203', '155096500', 'estegian@gmail.com', NULL, '2017-12-01 00:00:00', 'admin', b'1'),
	(232, '14180111', 'armando luis', 'bordino', '1960-11-07 00:00:00', 'almafuerte 931', '155771116', '155771116', NULL, NULL, '2017-10-06 00:00:00', 'admin', b'1'),
	(233, '12370875', 'nancy', 'anzulovich', NULL, 'batle y ordoñez 1648', '4664765', '152780474', NULL, NULL, '2017-10-06 00:00:00', 'admin', b'1'),
	(234, '5989575', 'beatriz ivone', 'viraglia', '1949-05-14 00:00:00', 'tucuman 7929', '4513192', NULL, NULL, NULL, '2017-10-06 00:00:00', 'admin', b'0'),
	(235, '12720668', 'concepcion', 'gazitano', '1959-11-30 00:00:00', '9 de julio 1283', '152028426', '152028426', NULL, NULL, '2017-10-06 00:00:00', 'admin', b'0'),
	(236, '12524142', 'graciela', 'casella', NULL, NULL, '4488578', NULL, NULL, NULL, '2017-10-06 00:00:00', 'admin', b'0'),
	(237, '31028311', 'Melisa', 'Fabbro', '1984-10-01 00:00:00', '9 de julio 1608 3ºb', '341-156132079', NULL, NULL, 'Estudiante', '2017-12-01 00:00:00', 'admin', b'1'),
	(238, '41511405', 'Candela', 'Dos Ramos', '1998-11-27 00:00:00', 'Corrientes 972', '0341-6041455', NULL, 'candeladosramos@gmail.com', 'Estudiante', '2017-12-01 00:00:00', 'admin', b'1'),
	(240, '33070293', 'Rodrigo', 'Calcaterra', NULL, NULL, '155961022', NULL, NULL, NULL, '2017-12-01 00:00:00', 'admin', b'0'),
	(241, '11111111', 'Mariel', 'Sanchez (parcial)', NULL, NULL, '111111', NULL, NULL, NULL, '2017-12-01 00:00:00', 'admin', b'0'),
	(242, '10197272', 'Eva', 'Cipollone', NULL, NULL, '4480238', '156152698', NULL, NULL, '2017-12-01 00:00:00', 'admin', b'0'),
	(243, '17803382', 'Sergio', 'Patricelli', NULL, NULL, '4612915', '156283694', NULL, NULL, '2017-12-01 00:00:00', 'admin', b'0'),
	(244, '13488587', 'Maria Eugenia', 'Auchter', NULL, NULL, '4302275', NULL, NULL, NULL, '2017-12-01 00:00:00', 'admin', b'0'),
	(245, '39929440', 'Georgina', 'Franzese', NULL, NULL, '38855012982', NULL, NULL, NULL, '2017-12-01 00:00:00', 'admin', b'0'),
	(247, '18589588', 'Flavia', 'Lombardi', NULL, NULL, '4530341', '156176039', NULL, NULL, '2017-12-01 00:00:00', 'admin', b'0'),
	(248, '34753845', 'Mayra Belen', 'Rudan', NULL, NULL, '03464-15514461', NULL, NULL, NULL, '2017-12-01 00:00:00', 'admin', b'0'),
	(249, '35128382', 'Agustin', 'Pucinelli', NULL, NULL, '341-30016', NULL, NULL, NULL, '2017-12-01 00:00:00', 'admin', b'0'),
	(250, '22510300', 'Carina', 'Stefano', NULL, NULL, '152700281', NULL, NULL, NULL, '2017-12-01 00:00:00', 'admin', b'0'),
	(251, '6434323', 'Adriana', 'Baggiolini', NULL, NULL, '341-4321897', NULL, NULL, NULL, '2017-12-15 00:00:00', 'admin', b'0'),
	(252, '44021942', 'Mauricio', 'Zambito', '2002-04-18 00:00:00', 'Psje. Venecia 3910', '4332390', NULL, 'mauriciozambito13@gmail.com', 'Estudiante', '2018-02-15 00:00:00', 'admin', b'0'),
	(253, '16591552', 'Lucia', 'Fariz', '2063-02-25 00:00:00', 'Av. Francia 1728', '4320969', '156632647', 'luciafariz@yahoo.com.ar', 'Periodista', '2018-02-15 00:00:00', 'admin', b'0'),
	(254, '13911965', 'Silvia', 'Torres', '2060-07-20 00:00:00', 'Brown 2514- Alvear', '4925792', NULL, 'sylviamtorres@hotmail.com', 'Jubilada', '2018-02-15 00:00:00', 'admin', b'0'),
	(255, '6377849', 'Adriana', 'Mur', '2050-05-08 00:00:00', 'Colon 3065', '4853559', '155054625', 'muradriana@hotmail.com', 'Psicologa', '2018-02-15 00:00:00', 'admin', b'0'),
	(256, '13463981', 'Maria Rosa', 'Romano', '2059-12-08 00:00:00', 'Moreno 2287 V.G.Galvez', '4921928', NULL, 'mariarosa022@hotmail.com', 'Docente', '2018-02-15 00:00:00', 'admin', b'0'),
	(257, '35999558', 'Barbara', 'Malacalza', '1992-01-18 00:00:00', 'San Juan 2306 piso 2 depto 2', '03407-15417577', NULL, NULL, 'Contadora', '2018-02-20 00:00:00', 'admin', b'0'),
	(258, '21899038', 'Anabel Claudia', 'Pantolfo', '1970-10-21 00:00:00', 'Rioja 4583', '155764314', NULL, NULL, 'Peluquera', '2018-02-20 00:00:00', 'admin', b'0'),
	(259, '26820251', 'Julia', 'Latini', '1978-08-08 00:00:00', NULL, '4591920', '152443584', NULL, NULL, '2018-02-20 00:00:00', 'admin', b'0'),
	(260, '20803323', 'Bibiana', 'Troilo', '1969-03-10 00:00:00', NULL, '155776854', NULL, 'bibi_troilo@hotmail.com', NULL, '2018-02-20 00:00:00', 'admin', b'0'),
	(261, '13936209', 'Patricia', 'Scuotri', '2060-01-17 00:00:00', NULL, '4350576', NULL, NULL, NULL, '2018-02-20 00:00:00', 'admin', b'0'),
	(262, '13788293', 'Susana', 'Martin', '2057-07-03 00:00:00', 'Oroño 91 10ºc', '4258662', NULL, 'sumartin91@hotmail.com', 'Odontologa', '2018-02-21 00:00:00', 'admin', b'0'),
	(263, '32275159', 'Lucila', 'Ciancio Casalini', '1986-12-30 00:00:00', 'Italia 1165', '03465-4472336', '03465-15666768', 'cianciolucila@gmail.com', 'Biotecnologa', '2018-02-21 00:00:00', 'admin', b'0'),
	(264, '26700011', 'Lucas Matias', 'Olmedo', '1978-06-22 00:00:00', 'Sarmiento 2479', '156009334', NULL, NULL, 'Analista de sistemas', '2018-02-21 00:00:00', 'admin', b'0'),
	(265, '13488587', 'Maria Eugenia', 'Auchter', '2057-12-06 00:00:00', 'Del Valle Iberlucea 1344', '4302275', NULL, NULL, 'Jubilada', '2018-02-21 00:00:00', 'admin', b'0'),
	(266, '11126736', 'Francisco', 'Maragliano', '2054-04-04 00:00:00', 'Del Valle Iberlucea 1344', '4302275', NULL, 'sanchomaragliano@gmail.com', 'Jubilado', '2018-02-21 00:00:00', 'admin', b'0'),
	(267, '12650149', 'Liliana', 'Racca', '2057-01-16 00:00:00', 'Pellegrini 2668', '4487077', '153166531', NULL, NULL, '2018-02-22 00:00:00', 'admin', b'0'),
	(268, '34055732', 'Gimena', 'Sandoval', '1988-09-19 00:00:00', 'Francia 1685 6ºb', '153537213', NULL, 'gime.san@hotmail.com', 'Enfermera', '2018-02-22 00:00:00', 'admin', b'0'),
	(269, '30764437', 'Maria de los angeles', 'Gelvez', '1984-06-03 00:00:00', 'Riucchieri 1452', '153394401', NULL, NULL, 'Vendedora', '2018-02-22 00:00:00', 'admin', b'0'),
	(270, '6307861', 'Nestor', 'Soldano', NULL, NULL, '155690267', NULL, NULL, NULL, '2018-02-22 00:00:00', 'admin', b'0'),
	(272, '10727389', 'Stella Maris', 'Mancini', '2052-12-08 00:00:00', '3 de febrero 1535 5º A', '4248523', NULL, 'stella.mancini@ecco.com.ar', 'Empleada', '2018-02-23 00:00:00', 'admin', b'0'),
	(273, '10864688', 'Rosa Cecilia', 'Traverso', '2053-04-01 00:00:00', 'Mitre 1347 dpto 1', '4819789', '153411226', 'cecilia_traverso97@hotmail.com.ar', 'Comerciante', '2018-02-23 00:00:00', 'admin', b'0'),
	(274, '12404056', 'Antonio', 'La Regina', '2056-07-19 00:00:00', 'Cafferata 1105 4ºc', '156024347', NULL, 'antoniolaregina@yahoo.com.ar', 'Contador', '2018-02-23 00:00:00', 'admin', b'0'),
	(275, '29334391', 'Ricardo', 'Ibarra', '1982-03-09 00:00:00', 'San Lorenzo 2030 dpto d', '155213947', NULL, NULL, 'Estudiante', '2018-02-23 00:00:00', 'admin', b'0'),
	(276, '36300721', 'Julieta', 'Briccola', '1992-03-27 00:00:00', 'Dorrego 156 7ºd', '152728561', NULL, NULL, NULL, '2018-02-23 00:00:00', 'admin', b'0'),
	(277, '36278774', 'Maria Belen', 'Turco', '1992-11-30 00:00:00', 'J. Manuel de Rosas 1025 7ºb', '02477-15624289', NULL, 'mariabelenturco@hotmail.com', 'Abogada', '2018-02-23 00:00:00', 'admin', b'0'),
	(278, '37096391', 'Gina', 'Riviero', '1992-08-13 00:00:00', 'Salta 1840 10ºc', '0346-15696997', NULL, 'ginu92@hotmail.com', 'Abogada', '2018-02-23 00:00:00', 'admin', b'0'),
	(279, '13580829', 'M. Celia', 'Jabalera', '2057-09-26 00:00:00', 'San Martin 1925 5ºb', '156391190', NULL, 'mcjabalera@hotmail.com', 'Docente Jubilada', '2018-02-26 00:00:00', 'admin', b'0'),
	(280, '30700406', 'Andrea', 'Pizi', '1983-12-22 00:00:00', 'Alvear 1462 3ºa', '5596318', NULL, 'andreaursulapizi@gmail.com', 'Empleada', '2018-02-26 00:00:00', 'admin', b'0'),
	(281, '153652457', 'Mario', 'Piergentili', '2061-08-07 00:00:00', 'Mendoza 2731 depto b', '153652457', NULL, 'mjtili@hotmail.com', 'Antropologo', '2018-02-26 00:00:00', 'admin', b'0'),
	(282, '17794433', 'Monica', 'Leguiza', '2066-09-19 00:00:00', 'Melincue 6250', '153216273', NULL, 'm.leguiza@hotmail.com', 'Enfermera', '2018-02-26 00:00:00', 'admin', b'0'),
	(283, '35703978', 'Esteban', 'Caramuto', '1991-05-10 00:00:00', 'Casablanca 1019', '4625845', NULL, 'ecaramuto@live.com', NULL, '2018-02-26 00:00:00', 'admin', b'0'),
	(284, '6185515', 'Rita', 'Calcaterra', '2049-11-04 00:00:00', 'Psje. Tossi 1304', '4572067', '153101011', 'ritacalcaterra@hotmail.com', 'Jubilada', '2018-02-26 00:00:00', 'admin', b'0'),
	(285, '24019207', 'M. Gabriela', 'Micozzi', '2064-09-19 00:00:00', 'Cordoba 2477 piso 3', '4492618', '155767480', 'mgmicozzi@gmail.com', 'Abogada', '2018-02-26 00:00:00', 'admin', b'0'),
	(286, '12257529', 'Osvaldo', 'Caffaratti', '2056-05-25 00:00:00', 'Pellegrini 2668', '4487077', NULL, NULL, 'Medico', '2018-02-27 00:00:00', 'admin', b'0'),
	(287, '18193539', 'Ignacio', 'Zunzunegui', '2067-02-01 00:00:00', 'Brown 2073 dpto 1', '155052952', NULL, 'loszunzu@hotmail.com', 'Empleado', '2018-02-27 00:00:00', 'admin', b'0'),
	(288, '28914764', 'Diego', 'Fisicaro', '1981-07-04 00:00:00', 'Pellegrini 1743 P.A', '156810037', NULL, 'chiba_darien@hotmail.com', 'Empleado', '2018-02-27 00:00:00', 'admin', b'0'),
	(289, '33837625', 'Tatiana', 'Aguilar', NULL, 'Pueyrredon 1632 PB B', '153545013', NULL, 'mariatatianaaguilar@hotmail.com', 'Empleada', '2018-02-27 00:00:00', 'admin', b'0'),
	(290, '40326576', 'Rocio', 'Colque', '1997-03-25 00:00:00', 'Mendoza 2774 9ºc', '3875480563', NULL, 'rociocolque25@gmail.com', 'Estudiante', '2018-02-27 00:00:00', 'admin', b'0'),
	(291, '6071007', 'Atilio', 'Di Pietro', '2047-05-25 00:00:00', 'Italia 1090', '4485728', NULL, 'labdipietro@gmail.com', 'Jubilado', '2018-02-27 00:00:00', 'admin', b'0'),
	(292, '20175042', 'Alejandra', 'Fernandez', '2068-02-08 00:00:00', 'Psje. Bemporat 7220', '152258025', NULL, NULL, NULL, '2018-02-27 00:00:00', 'admin', b'0'),
	(293, '16251281', 'Cecilia', 'Martinelli', '2063-07-28 00:00:00', 'Psje. Chilabert 5681', '153318282', NULL, 'cecy_martinelli@hotmail.com', 'Docente', '2018-02-27 00:00:00', 'admin', b'0'),
	(294, '20853937', 'Carina', 'Mari', '1969-08-23 00:00:00', 'Mendoza 2878 3ºp', '155445735', NULL, 'sandracmari@hotmail.com', 'Docente', '2018-02-27 00:00:00', 'admin', b'0'),
	(295, '39120975', 'Camila', 'Cachan', '1996-03-22 00:00:00', 'Pte. Quintana 336 bis', '15661526', NULL, NULL, 'Docente', '2018-02-27 00:00:00', 'admin', b'0'),
	(296, '23185468', 'Ivana', 'Savazzini', '1973-04-01 00:00:00', 'San Juan 2479', '156000018', NULL, 'vanisava44@gmail.com', 'Empleada', '2018-02-27 00:00:00', 'admin', b'0'),
	(297, '37072783', 'Angela', 'Montalbano', '1993-05-11 00:00:00', 'Vera Mujica 1560', '155714691', NULL, 'angie-montalbano@hotmail.com', 'Estudiante', '2018-02-28 00:00:00', 'admin', b'0'),
	(298, '30938292', 'Juan Pablo', 'Montalbano', '1984-05-11 00:00:00', 'Discepolo 2469', '3415797779', NULL, 'juanpablomontalbano@hotmail.com', 'Empleado', '2018-02-28 00:00:00', 'admin', b'0'),
	(299, '32289993', 'Mariana', 'Micheletti', '1986-09-27 00:00:00', 'Montevideo 2664 3º C', '156968171', NULL, 'marianitamiche@hotmail.com', 'Abogada', '2018-02-28 00:00:00', 'admin', b'0'),
	(300, '14684512', 'Norma', 'Sancimino', '2061-11-27 00:00:00', 'Amenabar 1078', '4811186', '156144779', NULL, NULL, '2018-02-28 00:00:00', 'admin', b'0'),
	(301, '30890505', 'Maria Fernanda', 'De Girolami', '1984-03-29 00:00:00', 'Amenabar 1851', '02901- 15510368', NULL, 'mfdegirdami@yahoo.com.ar', 'Traductora de Ingles', '2018-02-28 00:00:00', 'admin', b'0'),
	(302, '39122006', 'Fernando', 'Aranda', '1997-03-22 00:00:00', 'Zeballos 3040 3º P. Dto 3', '4388286', NULL, 'fernob97@hotmail.com', 'Estudiante', '2018-02-28 00:00:00', 'admin', b'0'),
	(303, '14411970', 'Rosalia', 'Mondino', '2061-03-22 00:00:00', 'San Lorenzo 1273 1º B', '4489968', '156655156', 'mondinotorresi@yahoo.com', 'profesora', '2018-02-28 00:00:00', 'admin', b'0'),
	(304, '29001265', 'Sergio', 'Mecozzi', '1981-10-05 00:00:00', 'San Luis 4197', '156538784', NULL, 'sergiomecozzi55@gmail.com', 'Empleado', '2018-02-28 00:00:00', 'admin', b'1'),
	(305, '36742687', 'Tomas', 'Pianovi', '1992-07-16 00:00:00', 'Olmos 649 bus', '156917948', NULL, 'tomaspianovi@hotmail.com', NULL, '2018-02-28 00:00:00', 'admin', b'0'),
	(306, '14803064', 'Marisa', 'Fernandez', '2061-07-21 00:00:00', 'Salta 1615 8ºa', '4406590', '156189551', 'marisaedit.f@gmail.com', 'Empleada', '2018-03-01 00:00:00', 'admin', b'0');
/*!40000 ALTER TABLE `alumno` ENABLE KEYS */;

-- Volcando estructura para tabla abruzzesa_admin.auth_group
DROP TABLE IF EXISTS `auth_group`;
CREATE TABLE IF NOT EXISTS `auth_group` (
  `id` int(11) NOT NULL AUTO_INCREMENT,
  `name` varchar(80) NOT NULL,
  PRIMARY KEY (`id`),
  UNIQUE KEY `name` (`name`)
) ENGINE=InnoDB DEFAULT CHARSET=utf8;

-- Volcando datos para la tabla abruzzesa_admin.auth_group: ~0 rows (aproximadamente)
DELETE FROM `auth_group`;
/*!40000 ALTER TABLE `auth_group` DISABLE KEYS */;
/*!40000 ALTER TABLE `auth_group` ENABLE KEYS */;

-- Volcando estructura para tabla abruzzesa_admin.auth_group_permissions
DROP TABLE IF EXISTS `auth_group_permissions`;
CREATE TABLE IF NOT EXISTS `auth_group_permissions` (
  `id` int(11) NOT NULL AUTO_INCREMENT,
  `group_id` int(11) NOT NULL,
  `permission_id` int(11) NOT NULL,
  PRIMARY KEY (`id`),
  UNIQUE KEY `auth_group_permissions_group_id_permission_id_0cd325b0_uniq` (`group_id`,`permission_id`),
  KEY `auth_group_permissio_permission_id_84c5c92e_fk_auth_perm` (`permission_id`),
  CONSTRAINT `auth_group_permissio_permission_id_84c5c92e_fk_auth_perm` FOREIGN KEY (`permission_id`) REFERENCES `auth_permission` (`id`),
  CONSTRAINT `auth_group_permissions_group_id_b120cbf9_fk_auth_group_id` FOREIGN KEY (`group_id`) REFERENCES `auth_group` (`id`)
) ENGINE=InnoDB DEFAULT CHARSET=utf8;

-- Volcando datos para la tabla abruzzesa_admin.auth_group_permissions: ~0 rows (aproximadamente)
DELETE FROM `auth_group_permissions`;
/*!40000 ALTER TABLE `auth_group_permissions` DISABLE KEYS */;
/*!40000 ALTER TABLE `auth_group_permissions` ENABLE KEYS */;

-- Volcando estructura para tabla abruzzesa_admin.auth_permission
DROP TABLE IF EXISTS `auth_permission`;
CREATE TABLE IF NOT EXISTS `auth_permission` (
  `id` int(11) NOT NULL AUTO_INCREMENT,
  `name` varchar(255) NOT NULL,
  `content_type_id` int(11) NOT NULL,
  `codename` varchar(100) NOT NULL,
  PRIMARY KEY (`id`),
  UNIQUE KEY `auth_permission_content_type_id_codename_01ab375a_uniq` (`content_type_id`,`codename`),
  CONSTRAINT `auth_permission_content_type_id_2f476e4b_fk_django_co` FOREIGN KEY (`content_type_id`) REFERENCES `django_content_type` (`id`)
) ENGINE=InnoDB AUTO_INCREMENT=49 DEFAULT CHARSET=utf8;

-- Volcando datos para la tabla abruzzesa_admin.auth_permission: ~48 rows (aproximadamente)
DELETE FROM `auth_permission`;
/*!40000 ALTER TABLE `auth_permission` DISABLE KEYS */;
INSERT INTO `auth_permission` (`id`, `name`, `content_type_id`, `codename`) VALUES
	(1, 'Can add log entry', 1, 'add_logentry'),
	(2, 'Can change log entry', 1, 'change_logentry'),
	(3, 'Can delete log entry', 1, 'delete_logentry'),
	(4, 'Can add permission', 2, 'add_permission'),
	(5, 'Can change permission', 2, 'change_permission'),
	(6, 'Can delete permission', 2, 'delete_permission'),
	(7, 'Can add group', 3, 'add_group'),
	(8, 'Can change group', 3, 'change_group'),
	(9, 'Can delete group', 3, 'delete_group'),
	(10, 'Can add user', 4, 'add_user'),
	(11, 'Can change user', 4, 'change_user'),
	(12, 'Can delete user', 4, 'delete_user'),
	(13, 'Can add content type', 5, 'add_contenttype'),
	(14, 'Can change content type', 5, 'change_contenttype'),
	(15, 'Can delete content type', 5, 'delete_contenttype'),
	(16, 'Can add session', 6, 'add_session'),
	(17, 'Can change session', 6, 'change_session'),
	(18, 'Can delete session', 6, 'delete_session'),
	(19, 'Can add alumno', 7, 'add_alumno'),
	(20, 'Can change alumno', 7, 'change_alumno'),
	(21, 'Can delete alumno', 7, 'delete_alumno'),
	(22, 'Can add caja', 8, 'add_caja'),
	(23, 'Can change caja', 8, 'change_caja'),
	(24, 'Can delete caja', 8, 'delete_caja'),
	(25, 'Can add concepto', 9, 'add_concepto'),
	(26, 'Can change concepto', 9, 'change_concepto'),
	(27, 'Can delete concepto', 9, 'delete_concepto'),
	(28, 'Can add configuracion', 10, 'add_configuracion'),
	(29, 'Can change configuracion', 10, 'change_configuracion'),
	(30, 'Can delete configuracion', 10, 'delete_configuracion'),
	(31, 'Can add curso', 11, 'add_curso'),
	(32, 'Can change curso', 11, 'change_curso'),
	(33, 'Can delete curso', 11, 'delete_curso'),
	(34, 'Can add examen curso', 12, 'add_examencurso'),
	(35, 'Can change examen curso', 12, 'change_examencurso'),
	(36, 'Can delete examen curso', 12, 'delete_examencurso'),
	(37, 'Can add idioma', 13, 'add_idioma'),
	(38, 'Can change idioma', 13, 'change_idioma'),
	(39, 'Can delete idioma', 13, 'delete_idioma'),
	(40, 'Can add inscripcion', 14, 'add_inscripcion'),
	(41, 'Can change inscripcion', 14, 'change_inscripcion'),
	(42, 'Can delete inscripcion', 14, 'delete_inscripcion'),
	(43, 'Can add pago insc cuota', 15, 'add_pagoinsccuota'),
	(44, 'Can change pago insc cuota', 15, 'change_pagoinsccuota'),
	(45, 'Can delete pago insc cuota', 15, 'delete_pagoinsccuota'),
	(46, 'Can add periodo curso', 16, 'add_periodocurso'),
	(47, 'Can change periodo curso', 16, 'change_periodocurso'),
	(48, 'Can delete periodo curso', 16, 'delete_periodocurso');
/*!40000 ALTER TABLE `auth_permission` ENABLE KEYS */;

-- Volcando estructura para tabla abruzzesa_admin.auth_user
DROP TABLE IF EXISTS `auth_user`;
CREATE TABLE IF NOT EXISTS `auth_user` (
  `id` int(11) NOT NULL AUTO_INCREMENT,
  `password` varchar(128) NOT NULL,
  `last_login` datetime(6) DEFAULT NULL,
  `is_superuser` tinyint(1) NOT NULL,
  `username` varchar(150) NOT NULL,
  `first_name` varchar(30) NOT NULL,
  `last_name` varchar(30) NOT NULL,
  `email` varchar(254) NOT NULL,
  `is_staff` tinyint(1) NOT NULL,
  `is_active` tinyint(1) NOT NULL,
  `date_joined` datetime(6) NOT NULL,
  PRIMARY KEY (`id`),
  UNIQUE KEY `username` (`username`)
) ENGINE=InnoDB AUTO_INCREMENT=3 DEFAULT CHARSET=utf8;

-- Volcando datos para la tabla abruzzesa_admin.auth_user: ~2 rows (aproximadamente)
DELETE FROM `auth_user`;
/*!40000 ALTER TABLE `auth_user` DISABLE KEYS */;
INSERT INTO `auth_user` (`id`, `password`, `last_login`, `is_superuser`, `username`, `first_name`, `last_name`, `email`, `is_staff`, `is_active`, `date_joined`) VALUES
	(1, 'pbkdf2_sha256$36000$O6ZwQKsRjA87$RzgX/cwAYMkm83SAQZ5nd7WI6cblhQ1qXJmZt4CQqgk=', '2017-09-26 23:00:43.794090', 1, 'leonel', '', '', 'garofolo.leonel@gmail.com', 1, 1, '2017-09-26 22:59:45.414647'),
	(2, 'pbkdf2_sha256$36000$VsfVCB4y8FGj$DTRrUG9W/kIgNQVSay+d37ZjMEI8QAjG6LyGNi8XA3s=', '2018-02-15 22:47:32.493508', 1, 'admin', '', '', 'garofolo.leonel@gmail.com', 1, 1, '2017-09-29 22:29:43.735887');
/*!40000 ALTER TABLE `auth_user` ENABLE KEYS */;

-- Volcando estructura para tabla abruzzesa_admin.auth_user_groups
DROP TABLE IF EXISTS `auth_user_groups`;
CREATE TABLE IF NOT EXISTS `auth_user_groups` (
  `id` int(11) NOT NULL AUTO_INCREMENT,
  `user_id` int(11) NOT NULL,
  `group_id` int(11) NOT NULL,
  PRIMARY KEY (`id`),
  UNIQUE KEY `auth_user_groups_user_id_group_id_94350c0c_uniq` (`user_id`,`group_id`),
  KEY `auth_user_groups_group_id_97559544_fk_auth_group_id` (`group_id`),
  CONSTRAINT `auth_user_groups_group_id_97559544_fk_auth_group_id` FOREIGN KEY (`group_id`) REFERENCES `auth_group` (`id`),
  CONSTRAINT `auth_user_groups_user_id_6a12ed8b_fk_auth_user_id` FOREIGN KEY (`user_id`) REFERENCES `auth_user` (`id`)
) ENGINE=InnoDB DEFAULT CHARSET=utf8;

-- Volcando datos para la tabla abruzzesa_admin.auth_user_groups: ~0 rows (aproximadamente)
DELETE FROM `auth_user_groups`;
/*!40000 ALTER TABLE `auth_user_groups` DISABLE KEYS */;
/*!40000 ALTER TABLE `auth_user_groups` ENABLE KEYS */;

-- Volcando estructura para tabla abruzzesa_admin.auth_user_user_permissions
DROP TABLE IF EXISTS `auth_user_user_permissions`;
CREATE TABLE IF NOT EXISTS `auth_user_user_permissions` (
  `id` int(11) NOT NULL AUTO_INCREMENT,
  `user_id` int(11) NOT NULL,
  `permission_id` int(11) NOT NULL,
  PRIMARY KEY (`id`),
  UNIQUE KEY `auth_user_user_permissions_user_id_permission_id_14a6b632_uniq` (`user_id`,`permission_id`),
  KEY `auth_user_user_permi_permission_id_1fbb5f2c_fk_auth_perm` (`permission_id`),
  CONSTRAINT `auth_user_user_permi_permission_id_1fbb5f2c_fk_auth_perm` FOREIGN KEY (`permission_id`) REFERENCES `auth_permission` (`id`),
  CONSTRAINT `auth_user_user_permissions_user_id_a95ead1b_fk_auth_user_id` FOREIGN KEY (`user_id`) REFERENCES `auth_user` (`id`)
) ENGINE=InnoDB DEFAULT CHARSET=utf8;

-- Volcando datos para la tabla abruzzesa_admin.auth_user_user_permissions: ~0 rows (aproximadamente)
DELETE FROM `auth_user_user_permissions`;
/*!40000 ALTER TABLE `auth_user_user_permissions` DISABLE KEYS */;
/*!40000 ALTER TABLE `auth_user_user_permissions` ENABLE KEYS */;

-- Volcando estructura para tabla abruzzesa_admin.caja
DROP TABLE IF EXISTS `caja`;
CREATE TABLE IF NOT EXISTS `caja` (
  `id_caja` int(11) NOT NULL AUTO_INCREMENT,
  `fecha` datetime NOT NULL,
  `descripcion` varchar(255) NOT NULL,
  `id_concepto` int(11) NOT NULL,
  `estado` varchar(45) DEFAULT NULL,
  `importe` decimal(9,2) NOT NULL,
  `usuario` varchar(90) NOT NULL,
  PRIMARY KEY (`id_caja`),
  KEY `FK_caja_concepto_idx` (`id_concepto`),
  CONSTRAINT `FK_caja_concepto` FOREIGN KEY (`id_concepto`) REFERENCES `concepto` (`id_concepto`) ON DELETE NO ACTION ON UPDATE NO ACTION
) ENGINE=InnoDB AUTO_INCREMENT=50 DEFAULT CHARSET=utf8;

-- Volcando datos para la tabla abruzzesa_admin.caja: ~1 rows (aproximadamente)
DELETE FROM `caja`;
/*!40000 ALTER TABLE `caja` DISABLE KEYS */;
INSERT INTO `caja` (`id_caja`, `fecha`, `descripcion`, `id_concepto`, `estado`, `importe`, `usuario`) VALUES
	(49, '2017-10-27 23:10:34', 'XX', 3, 'E', 100.00, 'admin');
/*!40000 ALTER TABLE `caja` ENABLE KEYS */;

-- Volcando estructura para tabla abruzzesa_admin.concepto
DROP TABLE IF EXISTS `concepto`;
CREATE TABLE IF NOT EXISTS `concepto` (
  `id_concepto` int(11) NOT NULL AUTO_INCREMENT,
  `descripcion` varchar(255) NOT NULL,
  `usuario` varchar(90) NOT NULL,
  PRIMARY KEY (`id_concepto`)
) ENGINE=InnoDB AUTO_INCREMENT=5 DEFAULT CHARSET=utf8;

-- Volcando datos para la tabla abruzzesa_admin.concepto: ~3 rows (aproximadamente)
DELETE FROM `concepto`;
/*!40000 ALTER TABLE `concepto` DISABLE KEYS */;
INSERT INTO `concepto` (`id_concepto`, `descripcion`, `usuario`) VALUES
	(1, 'Cuota', 'admin'),
	(2, 'Pago seguro', 'admin'),
	(3, 'Pago Profesor', 'admin'),
	(4, 'Pago TGI', 'admin');
/*!40000 ALTER TABLE `concepto` ENABLE KEYS */;

-- Volcando estructura para tabla abruzzesa_admin.configuracion
DROP TABLE IF EXISTS `configuracion`;
CREATE TABLE IF NOT EXISTS `configuracion` (
  `id_configuracion` int(11) NOT NULL AUTO_INCREMENT,
  `id_concepto_pago_insc` varchar(255) DEFAULT NULL,
  `id_concepto_pago_asoc` varchar(255) DEFAULT NULL,
  PRIMARY KEY (`id_configuracion`)
) ENGINE=InnoDB AUTO_INCREMENT=2 DEFAULT CHARSET=utf8;

-- Volcando datos para la tabla abruzzesa_admin.configuracion: ~0 rows (aproximadamente)
DELETE FROM `configuracion`;
/*!40000 ALTER TABLE `configuracion` DISABLE KEYS */;
INSERT INTO `configuracion` (`id_configuracion`, `id_concepto_pago_insc`, `id_concepto_pago_asoc`) VALUES
	(1, 'Cuota', 'Cuota');
/*!40000 ALTER TABLE `configuracion` ENABLE KEYS */;

-- Volcando estructura para procedimiento abruzzesa_admin.crear_cuotas
DROP PROCEDURE IF EXISTS `crear_cuotas`;
DELIMITER //
CREATE DEFINER=`root`@`localhost` PROCEDURE `crear_cuotas`()
begin
declare v_es_socio TINYINT(1);
declare v_id_inscripcion int;
DECLARE v_fecha_inicio DATE;
DECLARE v_fecha_fin DATE;
declare mesMonth int default 1;
declare mesYear int default 1;

declare mesInter int default 1;
declare yearInter  int default 1;
declare mesFin int default 1;
declare yearFin int default 1;

declare z int default 1;
declare x int default 1;

declare yearCorriente int default 1;


declare my_cursor CURSOR FOR 
select a.es_socio ,i.id_inscripcion, pc.fecha_inicio, pc.fecha_fin
from inscripcion i
inner join periodo_curso pc on pc.id_periodo_curso = i.id_periodo_curso
inner join alumno a on a.id_alumno = i.id_alumno;

open my_cursor;
 igmLoop: loop
fetch  my_cursor into v_es_socio, v_id_inscripcion, v_fecha_inicio, v_fecha_fin;
	set mesInter = month(v_fecha_inicio);
	set yearInter = year(v_fecha_inicio);
	set mesFin = month(v_fecha_fin);
	set yearFin = year(v_fecha_fin);
    set x = mesInter;
    set z = yearInter;    
	ano1: LOOP		
		IF z = yearFin THEN 
			set yearCorriente = mesFin;
		ELSE
			set yearCorriente = 12;
		END IF;
		mes1: LOOP    			
			
			INSERT INTO pago_insc_cuota
				(`fecha_alta`,`id_inscripcion`,`es_socio`,`importe`,`fecha_cuota`,`usuario`)
				VALUES
				(current_timestamp(), v_id_inscripcion,	v_es_socio,	null, STR_TO_DATE(concat( z , "/" , x  , '/01 01:00:00'), '%Y/%c/%e %r'), 'admin');
				
			SET x = x + 1;
			IF x <= yearCorriente THEN 
				ITERATE mes1; 
                END IF;
			LEAVE mes1;	
		END LOOP mes1;	
    
		SET z = z + 1;
		IF z <= yearFin THEN ITERATE ano1; END IF;
		LEAVE ano1;
	END LOOP ano1;	
  
end loop igmLoop;
close my_cursor;
end//
DELIMITER ;

-- Volcando estructura para tabla abruzzesa_admin.curso
DROP TABLE IF EXISTS `curso`;
CREATE TABLE IF NOT EXISTS `curso` (
  `id_curso` int(11) NOT NULL AUTO_INCREMENT,
  `nombre` varchar(255) DEFAULT NULL,
  `descripcion` varchar(255) DEFAULT NULL,
  `usuario` varchar(90) DEFAULT NULL,
  PRIMARY KEY (`id_curso`)
) ENGINE=InnoDB AUTO_INCREMENT=8 DEFAULT CHARSET=utf8;

-- Volcando datos para la tabla abruzzesa_admin.curso: ~4 rows (aproximadamente)
DELETE FROM `curso`;
/*!40000 ALTER TABLE `curso` DISABLE KEYS */;
INSERT INTO `curso` (`id_curso`, `nombre`, `descripcion`, `usuario`) VALUES
	(1, 'Merleto', NULL, NULL),
	(2, 'Yoga', NULL, NULL),
	(3, 'Pintura', NULL, NULL),
	(4, 'Teatro', NULL, NULL),
	(5, 'Coro', NULL, NULL),
	(6, 'Italiano 2017', NULL, 'admin'),
	(7, 'Italiano 2018', NULL, 'admin');
/*!40000 ALTER TABLE `curso` ENABLE KEYS */;

-- Volcando estructura para tabla abruzzesa_admin.django_admin_log
DROP TABLE IF EXISTS `django_admin_log`;
CREATE TABLE IF NOT EXISTS `django_admin_log` (
  `id` int(11) NOT NULL AUTO_INCREMENT,
  `action_time` datetime(6) NOT NULL,
  `object_id` longtext,
  `object_repr` varchar(200) NOT NULL,
  `action_flag` smallint(5) unsigned NOT NULL,
  `change_message` longtext NOT NULL,
  `content_type_id` int(11) DEFAULT NULL,
  `user_id` int(11) NOT NULL,
  PRIMARY KEY (`id`),
  KEY `django_admin_log_content_type_id_c4bce8eb_fk_django_co` (`content_type_id`),
  KEY `django_admin_log_user_id_c564eba6_fk_auth_user_id` (`user_id`),
  CONSTRAINT `django_admin_log_content_type_id_c4bce8eb_fk_django_co` FOREIGN KEY (`content_type_id`) REFERENCES `django_content_type` (`id`),
  CONSTRAINT `django_admin_log_user_id_c564eba6_fk_auth_user_id` FOREIGN KEY (`user_id`) REFERENCES `auth_user` (`id`)
) ENGINE=InnoDB AUTO_INCREMENT=139 DEFAULT CHARSET=utf8;

-- Volcando datos para la tabla abruzzesa_admin.django_admin_log: ~138 rows (aproximadamente)
DELETE FROM `django_admin_log`;
/*!40000 ALTER TABLE `django_admin_log` DISABLE KEYS */;
INSERT INTO `django_admin_log` (`id`, `action_time`, `object_id`, `object_repr`, `action_flag`, `change_message`, `content_type_id`, `user_id`) VALUES
	(1, '2017-09-29 23:10:28.531639', '212', '300167866 - zontella - gimena', 3, '', 7, 2),
	(2, '2017-09-29 23:11:00.041703', '192', '30167866 - zontella - jimena', 3, '', 7, 2),
	(3, '2017-09-29 23:11:14.866775', '212', '300167866 - zontella - jimena', 2, '[{"changed": {"fields": ["nombre", "fecha_nacimiento"]}}]', 7, 2),
	(4, '2017-09-29 23:12:18.032161', '207', '4673453 - zucarí - gladys teresa', 3, '', 7, 2),
	(5, '2017-09-29 23:31:31.678054', '217', '21523570 - villa - marcela', 2, '[{"changed": {"fields": ["apellido", "fecha_nacimiento"]}}]', 7, 2),
	(6, '2017-10-04 22:13:27.542302', '229', '5803090 - d\'agostino - estela', 1, '[{"added": {}}]', 7, 2),
	(7, '2017-10-04 22:16:21.592439', '230', '5803090 - d\'agostino - estela', 1, '[{"added": {}}]', 7, 2),
	(8, '2017-10-04 22:17:18.980162', '231', '14180111 - bordino - armando luis', 1, '[{"added": {}}]', 7, 2),
	(9, '2017-10-04 22:17:51.377310', '232', '14180111 - bordino - armando luis', 1, '[{"added": {}}]', 7, 2),
	(10, '2017-10-06 21:44:52.702120', '188', '11447141 - Pascual - Stella Maris', 2, '[{"changed": {"fields": ["fecha_nacimiento"]}}]', 7, 2),
	(11, '2017-10-06 21:45:35.933520', '188', '11447141 - Pascual - Stella Maris', 2, '[{"changed": {"fields": ["fecha_nacimiento"]}}, {"added": {"name": "inscripcion", "object": "Stella Maris Pascual - Italiano - Primero Intensivo 2\\u00ba Semestre"}}]', 7, 2),
	(12, '2017-10-06 21:47:38.311589', '226', '28652271 - dell\'angelo - silvina', 3, '', 7, 2),
	(13, '2017-10-06 21:52:44.116245', '233', '12370875 - anzulovich - nancy', 1, '[{"added": {}}, {"added": {"name": "inscripcion", "object": "nancy anzulovich - Italiano - Primero Intensivo 2\\u00ba Semestre"}}]', 7, 2),
	(14, '2017-10-06 22:09:13.618499', '1', 'Cuota-Cuota', 1, '[{"added": {}}]', 10, 2),
	(15, '2017-10-06 22:11:01.186775', '233', '12370875 - anzulovich - nancy', 2, '[{"changed": {"name": "inscripcion", "object": "nancy anzulovich - Italiano - Primero Intensivo 2\\u00ba Semestre", "fields": ["estado"]}}]', 7, 2),
	(16, '2017-10-06 22:12:56.849654', '234', '5989575 - viraglia - beatriz ivone', 1, '[{"added": {}}, {"added": {"name": "inscripcion", "object": "beatriz ivone viraglia - Italiano - Primero Intensivo 2\\u00ba Semestre"}}]', 7, 2),
	(17, '2017-10-06 22:15:43.297408', '228', '2273991 - Ferrara - Ada Nanci', 2, '[{"changed": {"fields": ["fecha_nacimiento"]}}, {"added": {"name": "inscripcion", "object": "Ada Nanci Ferrara - Italiano - Primero Intensivo 2\\u00ba Semestre"}}]', 7, 2),
	(18, '2017-10-06 22:19:20.450013', '203', '10778497 - sauco - sonia', 2, '[{"changed": {"fields": ["fecha_nacimiento"]}}]', 7, 2),
	(19, '2017-10-06 22:25:35.178195', '235', '12720668 - gazitano - concepcion', 1, '[{"added": {}}, {"added": {"name": "inscripcion", "object": "concepcion gazitano - Italiano - Primero Intensivo 2\\u00ba Semestre"}}]', 7, 2),
	(20, '2017-10-06 22:30:20.881906', '231', '14180111 - bordino - armando luis', 3, '', 7, 2),
	(21, '2017-10-06 22:30:41.582282', '232', '14180111 - bordino - armando luis', 2, '[{"changed": {"fields": ["fecha_nacimiento"]}}, {"added": {"name": "inscripcion", "object": "armando luis bordino - Italiano - Primero Intensivo 2\\u00ba Semestre"}}]', 7, 2),
	(22, '2017-10-06 22:34:40.368492', '203', '10778497 - sauco - sonia', 3, '', 7, 2),
	(23, '2017-10-06 22:39:04.225746', '236', '12524142 - casella - graciela', 1, '[{"added": {}}, {"added": {"name": "inscripcion", "object": "graciela casella - Italiano - Primero Intensivo 2\\u00ba Semestre"}}]', 7, 2),
	(24, '2017-10-06 22:40:16.388918', '10', 'Italiano Primero Intensivo 2º Semestre', 2, '[{"changed": {"fields": ["fecha_inicio", "fecha_fin", "importe"]}}]', 16, 2),
	(25, '2017-10-06 22:53:20.741378', '195', '5518038 - azat - armando agustin', 2, '[{"changed": {"fields": ["fecha_nacimiento"]}}, {"changed": {"name": "inscripcion", "object": "armando agustin azat - Italiano - Primero Intensivo 2\\u00ba Semestre", "fields": ["estado"]}}]', 7, 2),
	(26, '2017-10-06 22:54:57.809594', '213', '20174109 - gazitano - carlos', 2, '[{"changed": {"fields": ["fecha_nacimiento"]}}, {"changed": {"name": "inscripcion", "object": "carlos gazitano - Italiano - Primero Intensivo 2\\u00ba Semestre", "fields": ["estado"]}}]', 7, 2),
	(27, '2017-10-06 22:55:32.893958', '219', '93590707 - simili - rosaria', 2, '[{"changed": {"fields": ["fecha_nacimiento"]}}, {"changed": {"name": "inscripcion", "object": "rosaria simili - Italiano - Primero Intensivo 2\\u00ba Semestre", "fields": ["estado"]}}]', 7, 2),
	(28, '2017-10-27 23:09:10.330036', '2', 'Pago seguro', 1, '[{"added": {}}]', 9, 2),
	(29, '2017-10-27 23:09:42.140963', '3', 'Pago Profesor', 1, '[{"added": {}}]', 9, 2),
	(30, '2017-10-27 23:10:34.408995', '49', 'Pago Profesor - XX-100 - E', 1, '[{"added": {}}]', 8, 2),
	(31, '2017-10-27 23:11:42.250024', '4', 'Pago TGI', 1, '[{"added": {}}]', 9, 2),
	(32, '2017-10-31 21:29:12.840153', '237', '31028311 - Fabbro - Melisa', 1, '[{"added": {}}, {"added": {"name": "inscripcion", "object": "Melisa Fabbro - Italiano - Primero Intensivo 2\\u00ba Semestre"}}]', 7, 2),
	(33, '2017-11-15 21:03:33.785440', '238', '41511405 - Dos Ramos - Candela', 1, '[{"added": {}}]', 7, 2),
	(34, '2017-11-15 22:14:20.640029', '229', '5803090 - d\'agostino - estela', 3, '', 7, 2),
	(35, '2017-11-15 22:52:51.590962', '238', '41511405 - Dos Ramos - Candela', 2, '[{"changed": {"fields": ["fecha_nacimiento"]}}]', 7, 2),
	(36, '2017-12-01 21:28:58.418517', '10', 'Italiano Primero Intensivo 2º Semestre', 2, '[{"changed": {"fields": ["fecha_inicio", "fecha_fin"]}}]', 16, 2),
	(37, '2017-12-01 21:32:26.642362', '9', 'Italiano Tercer Intensivo', 2, '[{"changed": {"fields": ["fecha_inicio", "fecha_fin"]}}]', 16, 2),
	(38, '2017-12-01 21:32:49.651821', '8', 'Italiano Segundo Intensivo', 2, '[{"changed": {"fields": ["fecha_inicio", "fecha_fin"]}}]', 16, 2),
	(39, '2017-12-01 21:34:18.277239', '5', 'Italiano Cuarto Regular', 2, '[{"changed": {"fields": ["fecha_inicio", "fecha_fin"]}}]', 16, 2),
	(40, '2017-12-01 21:34:28.636465', '4', 'Italiano Tercero Regular', 2, '[{"changed": {"fields": ["fecha_inicio", "fecha_fin"]}}]', 16, 2),
	(41, '2017-12-01 21:34:54.316143', '3', 'Italiano Segundo Regular', 2, '[{"changed": {"fields": ["fecha_inicio", "fecha_fin"]}}]', 16, 2),
	(42, '2017-12-01 21:35:04.667602', '2', 'Italiano Primero Regular', 2, '[{"changed": {"fields": ["fecha_inicio", "fecha_fin"]}}]', 16, 2),
	(43, '2017-12-01 21:35:14.481847', '1', 'Merleto Regular', 2, '[{"changed": {"fields": ["fecha_inicio", "fecha_fin"]}}]', 16, 2),
	(44, '2017-12-01 21:43:46.629827', '237', '31028311 - Fabbro - Melisa', 2, '[{"changed": {"fields": ["fecha_nacimiento"]}}]', 7, 2),
	(45, '2017-12-01 21:54:53.711275', '239', '34558409 - D\'agostino - Estela', 1, '[{"added": {}}, {"added": {"name": "inscripcion", "object": "Estela D\'agostino - Italiano - Primero Intensivo 2\\u00ba Semestre"}}]', 7, 2),
	(46, '2017-12-01 23:04:16.275662', '238', '41511405 - Dos Ramos - Candela', 2, '[{"changed": {"fields": ["fecha_nacimiento"]}}, {"added": {"name": "inscripcion", "object": "Candela Dos Ramos - Italiano - Primero Regular"}}]', 7, 2),
	(47, '2017-12-01 23:09:22.884338', '240', '33070293 - Calcaterra - Rodrigo', 1, '[{"added": {}}, {"added": {"name": "inscripcion", "object": "Rodrigo Calcaterra - Italiano - Cuarto Regular"}}]', 7, 2),
	(48, '2017-12-01 23:11:00.728274', '239', '34558409 - D\'agostino - Estela', 3, '', 7, 2),
	(49, '2017-12-01 23:12:51.984224', '230', '5803090 - d\'agostino - estela', 2, '[{"changed": {"fields": ["fecha_nacimiento"]}}, {"added": {"name": "inscripcion", "object": "estela d\'agostino - Italiano - Primero Intensivo 2\\u00ba Semestre"}}]', 7, 2),
	(50, '2017-12-01 23:19:32.202304', '241', '11111111 - Sanchez (parcial) - Mariel', 1, '[{"added": {}}, {"added": {"name": "inscripcion", "object": "Mariel Sanchez (parcial) - Italiano - Primero Intensivo 2\\u00ba Semestre"}}]', 7, 2),
	(51, '2017-12-01 23:20:23.892269', '239', '222222222 - D\'agostino - Estela', 2, '[{"changed": {"fields": ["dni", "telefono"]}}]', 7, 2),
	(52, '2017-12-01 23:20:44.397095', '239', '222222222 - D\'agostino - Estela', 3, '', 7, 2),
	(53, '2017-12-01 23:23:24.437083', '242', '10197272 - Cipollone - Eva', 1, '[{"added": {}}, {"added": {"name": "inscripcion", "object": "Eva Cipollone - Italiano - Segundo Intensivo"}}]', 7, 2),
	(54, '2017-12-01 23:24:19.155666', '243', '17803382 - Patricelli - Sergio', 1, '[{"added": {}}, {"added": {"name": "inscripcion", "object": "Sergio Patricelli - Italiano - Segundo Intensivo"}}]', 7, 2),
	(55, '2017-12-01 23:31:05.571441', '244', '13488587 - Auchter - Maria Eugenia', 1, '[{"added": {}}, {"added": {"name": "inscripcion", "object": "Maria Eugenia Auchter - Italiano - Tercer Intensivo"}}]', 7, 2),
	(56, '2017-12-01 23:39:10.159590', '245', '39929440 - Franzese - Georgina', 1, '[{"added": {}}, {"added": {"name": "inscripcion", "object": "Georgina Franzese - Italiano - Primero Intensivo 1\\u00ba Semestre"}}]', 7, 2),
	(57, '2017-12-01 23:40:45.386421', '246', '26956484 - Iannotti - Eliana', 1, '[{"added": {}}, {"added": {"name": "inscripcion", "object": "Eliana Iannotti - Italiano - Primero Intensivo 1\\u00ba Semestre"}}]', 7, 2),
	(58, '2017-12-01 23:42:53.774986', '247', '18589588 - Lombardi - Flavia', 1, '[{"added": {}}, {"added": {"name": "inscripcion", "object": "Flavia Lombardi - Italiano - Primero Intensivo 1\\u00ba Semestre"}}]', 7, 2),
	(59, '2017-12-01 23:43:58.187900', '248', '34753845 - Rudan - Mayra Belen', 1, '[{"added": {}}, {"added": {"name": "inscripcion", "object": "Mayra Belen Rudan - Italiano - Primero Intensivo 1\\u00ba Semestre"}}]', 7, 2),
	(60, '2017-12-01 23:45:53.605812', '249', '35128382 - Pucinelli - Agustin', 1, '[{"added": {}}, {"added": {"name": "inscripcion", "object": "Agustin Pucinelli - Italiano - Primero Intensivo 1\\u00ba Semestre"}}]', 7, 2),
	(61, '2017-12-01 23:46:43.361876', '250', '22510300 - Stefano - Carina', 1, '[{"added": {}}, {"added": {"name": "inscripcion", "object": "Carina Stefano - Italiano - Primero Intensivo 1\\u00ba Semestre"}}]', 7, 2),
	(62, '2017-12-01 23:59:25.327667', '131', '22690976 - facciano - gabriel', 2, '[{"changed": {"fields": ["fecha_nacimiento"]}}, {"added": {"name": "inscripcion", "object": "gabriel facciano - Italiano - Primero Intensivo 1\\u00ba Semestre"}}]', 7, 2),
	(63, '2017-12-15 22:58:04.011135', '251', '6434323 - Baggiolini - Adriana', 1, '[{"added": {}}, {"added": {"name": "inscripcion", "object": "Adriana Baggiolini - Italiano - Tercer Intensivo"}}]', 7, 2),
	(64, '2017-12-15 23:00:46.286782', '246', '26956484 - Iannotti - Eliana', 3, '', 7, 2),
	(65, '2017-12-15 23:24:03.258232', '7', 'Italiano Primero Intensivo 1º Semestre', 2, '[{"changed": {"fields": ["fecha_inicio", "fecha_fin"]}}]', 16, 2),
	(66, '2018-02-15 22:59:11.293961', '11', 'Italiano Primero Regular', 1, '[{"added": {}}]', 16, 2),
	(67, '2018-02-15 23:00:01.206961', '12', 'Italiano Segundo Regular', 1, '[{"added": {}}]', 16, 2),
	(68, '2018-02-15 23:00:55.900123', '13', 'Italiano Primero Intensivo 1º Semestre', 1, '[{"added": {}}]', 16, 2),
	(69, '2018-02-15 23:17:40.537617', '7', 'Italiano 2018', 1, '[{"added": {}}]', 11, 2),
	(70, '2018-02-15 23:18:31.067187', '6', 'Italiano 2017', 2, '[{"changed": {"fields": ["nombre"]}}]', 11, 2),
	(71, '2018-02-15 23:18:54.970194', '13', 'Italiano 2018 Primero Intensivo 1º Semestre', 2, '[{"changed": {"fields": ["id_curso", "fecha_inicio", "fecha_fin"]}}]', 16, 2),
	(72, '2018-02-15 23:19:16.528641', '12', 'Italiano 2018 Segundo Regular', 2, '[{"changed": {"fields": ["id_curso", "fecha_inicio", "fecha_fin"]}}]', 16, 2),
	(73, '2018-02-15 23:19:26.018762', '11', 'Italiano 2018 Primero Regular', 2, '[{"changed": {"fields": ["id_curso", "fecha_inicio", "fecha_fin"]}}]', 16, 2),
	(74, '2018-02-15 23:20:09.087712', '14', 'Italiano 2018 Tercero Regular', 1, '[{"added": {}}]', 16, 2),
	(75, '2018-02-15 23:20:34.798047', '15', 'Italiano 2018 Cuarto Regular', 1, '[{"added": {}}]', 16, 2),
	(76, '2018-02-15 23:21:08.007936', '16', 'Italiano 2018 Segundo Intensivo', 1, '[{"added": {}}]', 16, 2),
	(77, '2018-02-15 23:21:38.977286', '17', 'Italiano 2018 Tercer Intensivo', 1, '[{"added": {}}]', 16, 2),
	(78, '2018-02-15 23:22:48.401654', '18', 'Italiano 2018 Primero Intensivo 2º Semestre', 1, '[{"added": {}}]', 16, 2),
	(79, '2018-02-15 23:46:51.827007', '252', '44021942 - Zambito - Mauricio', 1, '[{"added": {}}, {"added": {"name": "inscripcion", "object": "Mauricio Zambito - Italiano 2018 - Primero Regular"}}]', 7, 2),
	(80, '2018-02-15 23:50:59.639615', '253', '16591552 - Fariz - Lucia', 1, '[{"added": {}}, {"added": {"name": "inscripcion", "object": "Lucia Fariz - Italiano 2018 - Segundo Intensivo"}}]', 7, 2),
	(81, '2018-02-15 23:59:00.136681', '254', '13911965 - Torres - Silvia', 1, '[{"added": {}}, {"added": {"name": "inscripcion", "object": "Silvia Torres - Italiano 2018 - Primero Regular"}}]', 7, 2),
	(82, '2018-02-16 00:01:17.808473', '255', '6377849 - Mur - Adriana', 1, '[{"added": {}}, {"added": {"name": "inscripcion", "object": "Adriana Mur - Italiano 2018 - Primero Regular"}}]', 7, 2),
	(83, '2018-02-16 00:03:47.464891', '256', '13463981 - Romano - Maria Rosa', 1, '[{"added": {}}]', 7, 2),
	(84, '2018-02-16 00:07:23.545932', '19', 'Italiano 2018 Conversación', 1, '[{"added": {}}]', 16, 2),
	(85, '2018-02-20 22:00:21.502297', '257', '35999558 - Malacalza - Barbara', 1, '[{"added": {}}, {"added": {"name": "inscripcion", "object": "Barbara Malacalza - Italiano 2018 - Primero Regular"}}]', 7, 2),
	(86, '2018-02-20 22:09:43.676505', '257', '35999558 - Malacalza - Barbara', 3, '', 7, 2),
	(87, '2018-02-20 22:13:30.934700', '257', '35999558 - Malacalza - Barbara', 2, '[{"changed": {"fields": ["fecha_nacimiento", "direccion", "es_socio", "profesion"]}}]', 7, 2),
	(88, '2018-02-20 22:19:43.763848', '258', '21899038 - Pantolfo - Anabel Claudia', 1, '[{"added": {}}, {"added": {"name": "inscripcion", "object": "Anabel Claudia Pantolfo - Italiano 2018 - Primero Intensivo 1\\u00ba Semestre"}}]', 7, 2),
	(89, '2018-02-20 22:30:11.491058', '259', '26820251 - Latini - Julia', 1, '[{"added": {}}, {"added": {"name": "inscripcion", "object": "Julia Latini - Italiano 2018 - Primero Intensivo 1\\u00ba Semestre"}}]', 7, 2),
	(90, '2018-02-20 22:31:31.748944', '260', '20803323 - Troilo - Bibiana', 1, '[{"added": {}}, {"added": {"name": "inscripcion", "object": "Bibiana Troilo - Italiano 2018 - Primero Intensivo 1\\u00ba Semestre"}}]', 7, 2),
	(91, '2018-02-20 22:32:53.967620', '261', '13936209 - Scuotri - Patricia', 1, '[{"added": {}}, {"added": {"name": "inscripcion", "object": "Patricia Scuotri - Italiano 2018 - Segundo Regular"}}]', 7, 2),
	(92, '2018-02-21 22:03:50.485692', '262', '13788293 - Martin - Susana', 1, '[{"added": {}}, {"added": {"name": "inscripcion", "object": "Susana Martin - Italiano 2018 - Primero Regular"}}]', 7, 2),
	(93, '2018-02-21 22:07:30.371477', '263', '32275159 - Ciancio Casalini - Lucila', 1, '[{"added": {}}, {"added": {"name": "inscripcion", "object": "Lucila Ciancio Casalini - Italiano 2018 - Primero Regular"}}]', 7, 2),
	(94, '2018-02-21 22:37:07.140776', '264', '26700011 - Olmedo - Lucas Matias', 1, '[{"added": {}}, {"added": {"name": "inscripcion", "object": "Lucas Matias Olmedo - Italiano 2018 - Primero Intensivo 1\\u00ba Semestre"}}]', 7, 2),
	(95, '2018-02-21 23:57:38.961191', '265', '13488587 - Auchter - Maria Eugenia', 1, '[{"added": {}}, {"added": {"name": "inscripcion", "object": "Maria Eugenia Auchter - Italiano 2018 - Tercer Intensivo"}}]', 7, 2),
	(96, '2018-02-22 00:00:05.496889', '266', '11126736 - Maragliano - Francisco', 1, '[{"added": {}}, {"added": {"name": "inscripcion", "object": "Francisco Maragliano - Italiano 2018 - Tercer Intensivo"}}]', 7, 2),
	(97, '2018-02-22 22:33:58.097182', '267', '12650149 - Racca - Liliana', 1, '[{"added": {}}, {"added": {"name": "inscripcion", "object": "Liliana Racca - Italiano 2018 - Segundo Intensivo"}}]', 7, 2),
	(98, '2018-02-22 22:39:52.633907', '268', '34055732 - Sandoval - Gimena', 1, '[{"added": {}}, {"added": {"name": "inscripcion", "object": "Gimena Sandoval - Italiano 2018 - Primero Regular"}}]', 7, 2),
	(99, '2018-02-22 22:59:09.005383', '269', '30764437 - Gelvez - Maria de los angeles', 1, '[{"added": {}}, {"added": {"name": "inscripcion", "object": "Maria de los angeles Gelvez - Italiano 2018 - Primero Regular"}}]', 7, 2),
	(100, '2018-02-22 23:59:36.168074', '270', '6307861 - Soldano - Nestor', 1, '[{"added": {}}, {"added": {"name": "inscripcion", "object": "Nestor Soldano - Italiano 2018 - Primero Regular"}}]', 7, 2),
	(101, '2018-02-23 00:06:26.457883', '271', '6185515 - Calcaterra - Rita', 1, '[{"added": {}}, {"added": {"name": "inscripcion", "object": "Rita Calcaterra - Italiano 2018 - Primero Regular"}}]', 7, 2),
	(102, '2018-02-23 21:15:34.276140', '272', '10727389 - Mancini - Stella Maris', 1, '[{"added": {}}, {"added": {"name": "inscripcion", "object": "Stella Maris Mancini - Italiano 2018 - Conversaci\\u00f3n"}}]', 7, 2),
	(103, '2018-02-23 21:18:43.441865', '273', '10864688 - Traverso - Rosa Cecilia', 1, '[{"added": {}}, {"added": {"name": "inscripcion", "object": "Rosa Cecilia Traverso - Italiano 2018 - Primero Regular"}}]', 7, 2),
	(104, '2018-02-23 22:45:16.843737', '274', '12404056 - La Regina - Antonio', 1, '[{"added": {}}, {"added": {"name": "inscripcion", "object": "Antonio La Regina - Italiano 2018 - Primero Regular"}}]', 7, 2),
	(105, '2018-02-23 23:12:01.055670', '275', '29334391 - Ibarra - Ricardo', 1, '[{"added": {}}, {"added": {"name": "inscripcion", "object": "Ricardo Ibarra - Italiano 2018 - Primero Regular"}}]', 7, 2),
	(106, '2018-02-23 23:51:54.538776', '276', '36300721 - Briccola - Julieta', 1, '[{"added": {}}, {"added": {"name": "inscripcion", "object": "Julieta Briccola - Italiano 2018 - Primero Regular"}}]', 7, 2),
	(107, '2018-02-24 00:04:30.274460', '277', '36278774 - Turco - Maria Belen', 1, '[{"added": {}}, {"added": {"name": "inscripcion", "object": "Maria Belen Turco - Italiano 2018 - Primero Regular"}}]', 7, 2),
	(108, '2018-02-24 00:06:59.917980', '278', '37096391 - Riviero - Gina', 1, '[{"added": {}}, {"added": {"name": "inscripcion", "object": "Gina Riviero - Italiano 2018 - Primero Regular"}}]', 7, 2),
	(109, '2018-02-26 21:19:45.821976', '279', '13580829 - Jabalera - M. Celia', 1, '[{"added": {}}, {"added": {"name": "inscripcion", "object": "M. Celia Jabalera - Italiano 2018 - Primero Intensivo 1\\u00ba Semestre"}}]', 7, 2),
	(110, '2018-02-26 21:21:30.753009', '280', '30700406 - Pizi - Andrea', 1, '[{"added": {}}, {"added": {"name": "inscripcion", "object": "Andrea Pizi - Italiano 2018 - Primero Regular"}}]', 7, 2),
	(111, '2018-02-26 21:30:04.307894', '281', '153652457 - Piergentili - Mario', 1, '[{"added": {}}, {"added": {"name": "inscripcion", "object": "Mario Piergentili - Italiano 2018 - Primero Regular"}}]', 7, 2),
	(112, '2018-02-26 21:57:35.021513', '282', '17794433 - Leguiza - Monica', 1, '[{"added": {}}, {"added": {"name": "inscripcion", "object": "Monica Leguiza - Italiano 2018 - Primero Intensivo 1\\u00ba Semestre"}}]', 7, 2),
	(113, '2018-02-26 22:01:04.587357', '283', '35703978 - Caramuto - Esteban', 1, '[{"added": {}}, {"added": {"name": "inscripcion", "object": "Esteban Caramuto - Italiano 2018 - Primero Regular"}}]', 7, 2),
	(114, '2018-02-26 22:29:24.117113', '271', '6185515 - Calcaterra - Rita', 3, '', 7, 2),
	(115, '2018-02-26 22:30:44.473130', '284', '6185515 - Calcaterra - Rita', 1, '[{"added": {}}, {"added": {"name": "inscripcion", "object": "Rita Calcaterra - Italiano 2018 - Primero Intensivo 1\\u00ba Semestre"}}]', 7, 2),
	(116, '2018-02-27 00:01:00.931257', '285', '24019207 - Micozzi - M. Gabriela', 1, '[{"added": {}}, {"added": {"name": "inscripcion", "object": "M. Gabriela Micozzi - Italiano 2018 - Primero Intensivo 1\\u00ba Semestre"}}]', 7, 2),
	(117, '2018-02-27 21:35:44.972815', '286', '12257529 - Caffaratti - Osvaldo', 1, '[{"added": {}}, {"added": {"name": "inscripcion", "object": "Osvaldo Caffaratti - Italiano 2018 - Segundo Intensivo"}}]', 7, 2),
	(118, '2018-02-27 21:38:00.915779', '287', '18193539 - Zunzunegui - Ignacio', 1, '[{"added": {}}, {"added": {"name": "inscripcion", "object": "Ignacio Zunzunegui - Italiano 2018 - Primero Intensivo 1\\u00ba Semestre"}}]', 7, 2),
	(119, '2018-02-27 22:20:59.128305', '288', '28914764 - Fisicaro - Diego', 1, '[{"added": {}}, {"added": {"name": "inscripcion", "object": "Diego Fisicaro - Italiano 2018 - Primero Intensivo 1\\u00ba Semestre"}}]', 7, 2),
	(120, '2018-02-27 22:24:03.069760', '289', '33837625 - Aguilar - Tatiana', 1, '[{"added": {}}, {"added": {"name": "inscripcion", "object": "Tatiana Aguilar - Italiano 2018 - Primero Intensivo 1\\u00ba Semestre"}}]', 7, 2),
	(121, '2018-02-27 23:04:06.579119', '290', '40326576 - Colque - Rocio', 1, '[{"added": {}}, {"added": {"name": "inscripcion", "object": "Rocio Colque - Italiano 2018 - Primero Intensivo 1\\u00ba Semestre"}}]', 7, 2),
	(122, '2018-02-27 23:09:35.519124', '291', '6071007 - Di Pietro - Atilio', 1, '[{"added": {}}, {"added": {"name": "inscripcion", "object": "Atilio Di Pietro - Italiano 2018 - Primero Intensivo 1\\u00ba Semestre"}}]', 7, 2),
	(123, '2018-02-27 23:10:47.753146', '292', '20175042 - Fernandez - Alejandra', 1, '[{"added": {}}, {"added": {"name": "inscripcion", "object": "Alejandra Fernandez - Italiano 2018 - Primero Intensivo 1\\u00ba Semestre"}}]', 7, 2),
	(124, '2018-02-27 23:13:52.793481', '293', '16251281 - Martinelli - Cecilia', 1, '[{"added": {}}, {"added": {"name": "inscripcion", "object": "Cecilia Martinelli - Italiano 2018 - Primero Intensivo 1\\u00ba Semestre"}}]', 7, 2),
	(125, '2018-02-27 23:16:47.177449', '294', '20853937 - Mari - Carina', 1, '[{"added": {}}, {"added": {"name": "inscripcion", "object": "Carina Mari - Italiano 2018 - Primero Regular"}}]', 7, 2),
	(126, '2018-02-27 23:41:34.265608', '295', '39120975 - Cachan - Camila', 1, '[{"added": {}}, {"added": {"name": "inscripcion", "object": "Camila Cachan - Italiano 2018 - Primero Intensivo 1\\u00ba Semestre"}}]', 7, 2),
	(127, '2018-02-28 00:08:22.822282', '296', '23185468 - Savazzini - Ivana', 1, '[{"added": {}}, {"added": {"name": "inscripcion", "object": "Ivana Savazzini - Italiano 2018 - Primero Intensivo 1\\u00ba Semestre"}}]', 7, 2),
	(128, '2018-02-28 22:08:17.941685', '297', '37072783 - Montalbano - Angela', 1, '[{"added": {}}, {"added": {"name": "inscripcion", "object": "Angela Montalbano - Italiano 2018 - Primero Regular"}}]', 7, 2),
	(129, '2018-02-28 22:10:28.716966', '298', '30938292 - Montalbano - Juan Pablo', 1, '[{"added": {}}, {"added": {"name": "inscripcion", "object": "Juan Pablo Montalbano - Italiano 2018 - Primero Regular"}}]', 7, 2),
	(130, '2018-02-28 22:18:19.305534', '299', '32289993 - Micheletti - Mariana', 1, '[{"added": {}}, {"added": {"name": "inscripcion", "object": "Mariana Micheletti - Italiano 2018 - Primero Intensivo 1\\u00ba Semestre"}}]', 7, 2),
	(131, '2018-02-28 22:19:36.099329', '300', '14684512 - Sancimino - Norma', 1, '[{"added": {}}, {"added": {"name": "inscripcion", "object": "Norma Sancimino - Italiano 2018 - Primero Intensivo 1\\u00ba Semestre"}}]', 7, 2),
	(132, '2018-02-28 22:27:42.821702', '301', '30890505 - De Girolami - Maria Fernanda', 1, '[{"added": {}}, {"added": {"name": "inscripcion", "object": "Maria Fernanda De Girolami - Italiano 2018 - Segundo Intensivo"}}]', 7, 2),
	(133, '2018-02-28 22:39:05.449717', '302', '39122006 - Aranda - Fernando', 1, '[{"added": {}}, {"added": {"name": "inscripcion", "object": "Fernando Aranda - Italiano 2018 - Primero Regular"}}]', 7, 2),
	(134, '2018-02-28 22:41:25.254762', '303', '14411970 - Mondino - Rosalia', 1, '[{"added": {}}, {"added": {"name": "inscripcion", "object": "Rosalia Mondino - Italiano 2018 - Primero Intensivo 1\\u00ba Semestre"}}]', 7, 2),
	(135, '2018-02-28 23:52:54.775507', '304', '29001265 - Mecozzi - Sergio', 1, '[{"added": {}}]', 7, 2),
	(136, '2018-02-28 23:53:14.921538', '304', '29001265 - Mecozzi - Sergio', 2, '[{"changed": {"fields": ["fecha_nacimiento"]}}, {"added": {"name": "inscripcion", "object": "Sergio Mecozzi - Italiano 2018 - Primero Regular"}}]', 7, 2),
	(137, '2018-02-28 23:59:23.280071', '305', '36742687 - Pianovi - Tomas', 1, '[{"added": {}}, {"added": {"name": "inscripcion", "object": "Tomas Pianovi - Italiano 2018 - Primero Intensivo 1\\u00ba Semestre"}}]', 7, 2),
	(138, '2018-03-01 21:36:57.006992', '306', '14803064 - Fernandez - Marisa', 1, '[{"added": {}}, {"added": {"name": "inscripcion", "object": "Marisa Fernandez - Italiano 2018 - Primero Intensivo 1\\u00ba Semestre"}}]', 7, 2);
/*!40000 ALTER TABLE `django_admin_log` ENABLE KEYS */;

-- Volcando estructura para tabla abruzzesa_admin.django_content_type
DROP TABLE IF EXISTS `django_content_type`;
CREATE TABLE IF NOT EXISTS `django_content_type` (
  `id` int(11) NOT NULL AUTO_INCREMENT,
  `app_label` varchar(100) NOT NULL,
  `model` varchar(100) NOT NULL,
  PRIMARY KEY (`id`),
  UNIQUE KEY `django_content_type_app_label_model_76bd3d3b_uniq` (`app_label`,`model`)
) ENGINE=InnoDB AUTO_INCREMENT=17 DEFAULT CHARSET=utf8;

-- Volcando datos para la tabla abruzzesa_admin.django_content_type: ~16 rows (aproximadamente)
DELETE FROM `django_content_type`;
/*!40000 ALTER TABLE `django_content_type` DISABLE KEYS */;
INSERT INTO `django_content_type` (`id`, `app_label`, `model`) VALUES
	(1, 'admin', 'logentry'),
	(3, 'auth', 'group'),
	(2, 'auth', 'permission'),
	(4, 'auth', 'user'),
	(5, 'contenttypes', 'contenttype'),
	(7, 'gestionAlumnos', 'alumno'),
	(8, 'gestionAlumnos', 'caja'),
	(9, 'gestionAlumnos', 'concepto'),
	(10, 'gestionAlumnos', 'configuracion'),
	(11, 'gestionAlumnos', 'curso'),
	(12, 'gestionAlumnos', 'examencurso'),
	(13, 'gestionAlumnos', 'idioma'),
	(14, 'gestionAlumnos', 'inscripcion'),
	(15, 'gestionAlumnos', 'pagoinsccuota'),
	(16, 'gestionAlumnos', 'periodocurso'),
	(6, 'sessions', 'session');
/*!40000 ALTER TABLE `django_content_type` ENABLE KEYS */;

-- Volcando estructura para tabla abruzzesa_admin.django_migrations
DROP TABLE IF EXISTS `django_migrations`;
CREATE TABLE IF NOT EXISTS `django_migrations` (
  `id` int(11) NOT NULL AUTO_INCREMENT,
  `app` varchar(255) NOT NULL,
  `name` varchar(255) NOT NULL,
  `applied` datetime(6) NOT NULL,
  PRIMARY KEY (`id`)
) ENGINE=InnoDB AUTO_INCREMENT=15 DEFAULT CHARSET=utf8;

-- Volcando datos para la tabla abruzzesa_admin.django_migrations: ~14 rows (aproximadamente)
DELETE FROM `django_migrations`;
/*!40000 ALTER TABLE `django_migrations` DISABLE KEYS */;
INSERT INTO `django_migrations` (`id`, `app`, `name`, `applied`) VALUES
	(1, 'contenttypes', '0001_initial', '2017-09-26 22:58:17.430929'),
	(2, 'auth', '0001_initial', '2017-09-26 22:58:29.100454'),
	(3, 'admin', '0001_initial', '2017-09-26 22:58:31.247793'),
	(4, 'admin', '0002_logentry_remove_auto_add', '2017-09-26 22:58:31.541489'),
	(5, 'contenttypes', '0002_remove_content_type_name', '2017-09-26 22:58:32.658158'),
	(6, 'auth', '0002_alter_permission_name_max_length', '2017-09-26 22:58:33.208941'),
	(7, 'auth', '0003_alter_user_email_max_length', '2017-09-26 22:58:34.049931'),
	(8, 'auth', '0004_alter_user_username_opts', '2017-09-26 22:58:34.171193'),
	(9, 'auth', '0005_alter_user_last_login_null', '2017-09-26 22:58:34.890914'),
	(10, 'auth', '0006_require_contenttypes_0002', '2017-09-26 22:58:34.992038'),
	(11, 'auth', '0007_alter_validators_add_error_messages', '2017-09-26 22:58:35.071678'),
	(12, 'auth', '0008_alter_user_username_max_length', '2017-09-26 22:58:35.747409'),
	(13, 'gestionAlumnos', '0001_initial', '2017-09-26 22:58:35.859812'),
	(14, 'sessions', '0001_initial', '2017-09-26 22:58:36.718904');
/*!40000 ALTER TABLE `django_migrations` ENABLE KEYS */;

-- Volcando estructura para tabla abruzzesa_admin.django_session
DROP TABLE IF EXISTS `django_session`;
CREATE TABLE IF NOT EXISTS `django_session` (
  `session_key` varchar(40) NOT NULL,
  `session_data` longtext NOT NULL,
  `expire_date` datetime(6) NOT NULL,
  PRIMARY KEY (`session_key`),
  KEY `django_session_expire_date_a5c62663` (`expire_date`)
) ENGINE=InnoDB DEFAULT CHARSET=utf8;

-- Volcando datos para la tabla abruzzesa_admin.django_session: ~9 rows (aproximadamente)
DELETE FROM `django_session`;
/*!40000 ALTER TABLE `django_session` DISABLE KEYS */;
INSERT INTO `django_session` (`session_key`, `session_data`, `expire_date`) VALUES
	('4t7y1pz2vieypcrrhozecbts471ppsjk', 'YTNhNzhiNmRlOTdlZDNkMjQ4ZWFmOGEwYTJkMWYxNDI2MTZiMzM1OTp7Il9hdXRoX3VzZXJfaWQiOiIyIiwiX2F1dGhfdXNlcl9iYWNrZW5kIjoiZGphbmdvLmNvbnRyaWIuYXV0aC5iYWNrZW5kcy5Nb2RlbEJhY2tlbmQiLCJfYXV0aF91c2VyX2hhc2giOiJmZjhhMzJmYzMyYzM3NjYyOTI0MmM5NWUzODk4MjUxNjZjNzU4NGEwIn0=', '2017-11-29 20:40:01.719368'),
	('6p5wxy1tmpeque5bdhtk8ofas3l8grvy', 'YTNhNzhiNmRlOTdlZDNkMjQ4ZWFmOGEwYTJkMWYxNDI2MTZiMzM1OTp7Il9hdXRoX3VzZXJfaWQiOiIyIiwiX2F1dGhfdXNlcl9iYWNrZW5kIjoiZGphbmdvLmNvbnRyaWIuYXV0aC5iYWNrZW5kcy5Nb2RlbEJhY2tlbmQiLCJfYXV0aF91c2VyX2hhc2giOiJmZjhhMzJmYzMyYzM3NjYyOTI0MmM5NWUzODk4MjUxNjZjNzU4NGEwIn0=', '2017-11-10 22:42:08.831684'),
	('b8bni57teeapl2ikjj0sfqvy8bm8sfzh', 'YTNhNzhiNmRlOTdlZDNkMjQ4ZWFmOGEwYTJkMWYxNDI2MTZiMzM1OTp7Il9hdXRoX3VzZXJfaWQiOiIyIiwiX2F1dGhfdXNlcl9iYWNrZW5kIjoiZGphbmdvLmNvbnRyaWIuYXV0aC5iYWNrZW5kcy5Nb2RlbEJhY2tlbmQiLCJfYXV0aF91c2VyX2hhc2giOiJmZjhhMzJmYzMyYzM3NjYyOTI0MmM5NWUzODk4MjUxNjZjNzU4NGEwIn0=', '2017-12-29 21:47:36.087143'),
	('gwmf1hkstrkbx18k408qv0bzylidch2g', 'YTNhNzhiNmRlOTdlZDNkMjQ4ZWFmOGEwYTJkMWYxNDI2MTZiMzM1OTp7Il9hdXRoX3VzZXJfaWQiOiIyIiwiX2F1dGhfdXNlcl9iYWNrZW5kIjoiZGphbmdvLmNvbnRyaWIuYXV0aC5iYWNrZW5kcy5Nb2RlbEJhY2tlbmQiLCJfYXV0aF91c2VyX2hhc2giOiJmZjhhMzJmYzMyYzM3NjYyOTI0MmM5NWUzODk4MjUxNjZjNzU4NGEwIn0=', '2018-03-01 22:47:32.574442'),
	('sgduc2pb0iinfabj6g7zmea0yhnuyhqy', 'YTNhNzhiNmRlOTdlZDNkMjQ4ZWFmOGEwYTJkMWYxNDI2MTZiMzM1OTp7Il9hdXRoX3VzZXJfaWQiOiIyIiwiX2F1dGhfdXNlcl9iYWNrZW5kIjoiZGphbmdvLmNvbnRyaWIuYXV0aC5iYWNrZW5kcy5Nb2RlbEJhY2tlbmQiLCJfYXV0aF91c2VyX2hhc2giOiJmZjhhMzJmYzMyYzM3NjYyOTI0MmM5NWUzODk4MjUxNjZjNzU4NGEwIn0=', '2017-10-13 22:59:50.314027'),
	('u3gcb4djmn5ghajkpscyxfdx2osuiqgy', 'YTNhNzhiNmRlOTdlZDNkMjQ4ZWFmOGEwYTJkMWYxNDI2MTZiMzM1OTp7Il9hdXRoX3VzZXJfaWQiOiIyIiwiX2F1dGhfdXNlcl9iYWNrZW5kIjoiZGphbmdvLmNvbnRyaWIuYXV0aC5iYWNrZW5kcy5Nb2RlbEJhY2tlbmQiLCJfYXV0aF91c2VyX2hhc2giOiJmZjhhMzJmYzMyYzM3NjYyOTI0MmM5NWUzODk4MjUxNjZjNzU4NGEwIn0=', '2017-10-13 22:31:50.390168'),
	('u6pf7kuiq2310xaijudmam190nu89r8d', 'YTNhNzhiNmRlOTdlZDNkMjQ4ZWFmOGEwYTJkMWYxNDI2MTZiMzM1OTp7Il9hdXRoX3VzZXJfaWQiOiIyIiwiX2F1dGhfdXNlcl9iYWNrZW5kIjoiZGphbmdvLmNvbnRyaWIuYXV0aC5iYWNrZW5kcy5Nb2RlbEJhY2tlbmQiLCJfYXV0aF91c2VyX2hhc2giOiJmZjhhMzJmYzMyYzM3NjYyOTI0MmM5NWUzODk4MjUxNjZjNzU4NGEwIn0=', '2018-01-17 22:25:57.686212'),
	('utshktr1cwnm6la1d93rfhion59bq5bn', 'YTNhNzhiNmRlOTdlZDNkMjQ4ZWFmOGEwYTJkMWYxNDI2MTZiMzM1OTp7Il9hdXRoX3VzZXJfaWQiOiIyIiwiX2F1dGhfdXNlcl9iYWNrZW5kIjoiZGphbmdvLmNvbnRyaWIuYXV0aC5iYWNrZW5kcy5Nb2RlbEJhY2tlbmQiLCJfYXV0aF91c2VyX2hhc2giOiJmZjhhMzJmYzMyYzM3NjYyOTI0MmM5NWUzODk4MjUxNjZjNzU4NGEwIn0=', '2017-10-24 21:30:56.079430'),
	('xjrutzuhz51lpo7d5bj3w7jzktef9bq6', 'YTNhNzhiNmRlOTdlZDNkMjQ4ZWFmOGEwYTJkMWYxNDI2MTZiMzM1OTp7Il9hdXRoX3VzZXJfaWQiOiIyIiwiX2F1dGhfdXNlcl9iYWNrZW5kIjoiZGphbmdvLmNvbnRyaWIuYXV0aC5iYWNrZW5kcy5Nb2RlbEJhY2tlbmQiLCJfYXV0aF91c2VyX2hhc2giOiJmZjhhMzJmYzMyYzM3NjYyOTI0MmM5NWUzODk4MjUxNjZjNzU4NGEwIn0=', '2017-10-24 21:27:02.858658'),
	('zpfct6xrhq85a3po0jlzorm7oar7wqh1', 'YTNhNzhiNmRlOTdlZDNkMjQ4ZWFmOGEwYTJkMWYxNDI2MTZiMzM1OTp7Il9hdXRoX3VzZXJfaWQiOiIyIiwiX2F1dGhfdXNlcl9iYWNrZW5kIjoiZGphbmdvLmNvbnRyaWIuYXV0aC5iYWNrZW5kcy5Nb2RlbEJhY2tlbmQiLCJfYXV0aF91c2VyX2hhc2giOiJmZjhhMzJmYzMyYzM3NjYyOTI0MmM5NWUzODk4MjUxNjZjNzU4NGEwIn0=', '2017-12-14 22:34:28.469965');
/*!40000 ALTER TABLE `django_session` ENABLE KEYS */;

-- Volcando estructura para tabla abruzzesa_admin.examen_curso
DROP TABLE IF EXISTS `examen_curso`;
CREATE TABLE IF NOT EXISTS `examen_curso` (
  `id_examen_curso` int(11) NOT NULL AUTO_INCREMENT,
  `id_inscripcion` int(11) NOT NULL,
  `fecha_examen` datetime NOT NULL,
  `nota` decimal(9,2) DEFAULT NULL,
  `usuario` varchar(90) DEFAULT NULL,
  PRIMARY KEY (`id_examen_curso`),
  KEY `fk_examen_curso_insc_idx` (`id_inscripcion`),
  CONSTRAINT `fk_examen_curso_insc` FOREIGN KEY (`id_inscripcion`) REFERENCES `inscripcion` (`id_inscripcion`) ON DELETE NO ACTION ON UPDATE NO ACTION
) ENGINE=InnoDB DEFAULT CHARSET=utf8;

-- Volcando datos para la tabla abruzzesa_admin.examen_curso: ~0 rows (aproximadamente)
DELETE FROM `examen_curso`;
/*!40000 ALTER TABLE `examen_curso` DISABLE KEYS */;
/*!40000 ALTER TABLE `examen_curso` ENABLE KEYS */;

-- Volcando estructura para tabla abruzzesa_admin.idioma
DROP TABLE IF EXISTS `idioma`;
CREATE TABLE IF NOT EXISTS `idioma` (
  `id_idioma` int(11) NOT NULL AUTO_INCREMENT,
  `descripcion` varchar(255) NOT NULL,
  PRIMARY KEY (`id_idioma`)
) ENGINE=InnoDB AUTO_INCREMENT=12 DEFAULT CHARSET=utf8;

-- Volcando datos para la tabla abruzzesa_admin.idioma: ~9 rows (aproximadamente)
DELETE FROM `idioma`;
/*!40000 ALTER TABLE `idioma` DISABLE KEYS */;
INSERT INTO `idioma` (`id_idioma`, `descripcion`) VALUES
	(1, 'Intensivo'),
	(2, 'Regular'),
	(3, 'Conversación'),
	(4, 'Primero Regular'),
	(5, 'Segundo Regular'),
	(6, 'Tercero Regular'),
	(7, 'Cuarto Regular'),
	(8, 'Primero Intensivo 1º Semestre'),
	(9, 'Segundo Intensivo'),
	(10, 'Tercer Intensivo'),
	(11, 'Primero Intensivo 2º Semestre');
/*!40000 ALTER TABLE `idioma` ENABLE KEYS */;

-- Volcando estructura para tabla abruzzesa_admin.inscripcion
DROP TABLE IF EXISTS `inscripcion`;
CREATE TABLE IF NOT EXISTS `inscripcion` (
  `id_inscripcion` int(11) NOT NULL AUTO_INCREMENT,
  `fecha_alta` datetime NOT NULL,
  `id_periodo_curso` int(11) NOT NULL,
  `id_alumno` int(11) NOT NULL,
  `fecha_pago_insc` datetime DEFAULT NULL,
  `estado` varchar(45) DEFAULT NULL,
  PRIMARY KEY (`id_inscripcion`),
  KEY `fk_alumno_idx` (`id_alumno`),
  KEY `fk_insc_periodo_idx` (`id_periodo_curso`),
  CONSTRAINT `fk_insc_alumno` FOREIGN KEY (`id_alumno`) REFERENCES `alumno` (`id_alumno`) ON DELETE NO ACTION ON UPDATE NO ACTION,
  CONSTRAINT `fk_insc_periodo` FOREIGN KEY (`id_periodo_curso`) REFERENCES `periodo_curso` (`id_periodo_curso`) ON DELETE NO ACTION ON UPDATE NO ACTION
) ENGINE=InnoDB AUTO_INCREMENT=323 DEFAULT CHARSET=utf8;

-- Volcando datos para la tabla abruzzesa_admin.inscripcion: ~310 rows (aproximadamente)
DELETE FROM `inscripcion`;
/*!40000 ALTER TABLE `inscripcion` DISABLE KEYS */;
INSERT INTO `inscripcion` (`id_inscripcion`, `fecha_alta`, `id_periodo_curso`, `id_alumno`, `fecha_pago_insc`, `estado`) VALUES
	(2, '2017-05-26 20:08:21', 6, 2, NULL, 'Inscripto'),
	(3, '2017-05-26 20:47:25', 6, 4, NULL, 'Inscripto'),
	(4, '2017-05-04 00:00:00', 6, 8, NULL, 'Inscripto'),
	(5, '2017-05-04 00:00:00', 6, 9, NULL, 'Inscripto'),
	(6, '2017-05-04 00:00:00', 6, 10, NULL, 'Inscripto'),
	(7, '2017-05-26 20:12:25', 2, 19, NULL, 'Inscripto'),
	(8, '2017-05-26 20:12:52', 2, 20, NULL, 'Inscripto'),
	(9, '2017-05-26 20:16:20', 2, 103, NULL, 'Inscripto'),
	(10, '2017-05-26 20:16:52', 2, 21, NULL, 'Inscripto'),
	(11, '2017-05-26 20:17:09', 2, 22, NULL, 'Inscripto'),
	(12, '2017-05-26 20:17:22', 2, 23, NULL, 'Inscripto'),
	(13, '2017-05-26 20:17:37', 2, 24, NULL, 'Inscripto'),
	(14, '2017-05-26 20:17:53', 2, 25, NULL, 'Inscripto'),
	(15, '2017-05-26 20:18:58', 2, 27, NULL, 'Inscripto'),
	(16, '2017-05-26 20:19:18', 2, 26, NULL, 'Inscripto'),
	(17, '2017-05-26 20:19:27', 2, 28, NULL, 'Inscripto'),
	(18, '2017-05-26 20:19:37', 2, 29, NULL, 'Inscripto'),
	(19, '2017-05-26 20:19:48', 2, 30, NULL, 'Inscripto'),
	(20, '2017-05-26 20:20:08', 2, 31, NULL, 'Inscripto'),
	(21, '2017-05-26 20:20:24', 2, 32, NULL, 'Inscripto'),
	(22, '2017-05-26 20:20:42', 2, 33, NULL, 'Inscripto'),
	(23, '2017-05-26 20:21:03', 2, 34, NULL, 'Inscripto'),
	(24, '2017-05-26 20:21:11', 2, 35, NULL, 'Inscripto'),
	(25, '2017-05-26 20:21:23', 2, 36, NULL, 'Inscripto'),
	(26, '2017-05-26 20:21:58', 2, 37, NULL, 'Inscripto'),
	(27, '2017-05-26 20:22:08', 2, 38, NULL, 'Inscripto'),
	(28, '2017-05-26 20:22:26', 2, 39, NULL, 'Inscripto'),
	(29, '2017-05-26 20:23:30', 2, 40, NULL, 'Inscripto'),
	(30, '2017-05-26 20:23:56', 2, 41, NULL, 'Inscripto'),
	(31, '2017-05-26 20:24:11', 2, 42, NULL, 'Inscripto'),
	(32, '2017-05-26 20:24:23', 2, 43, NULL, 'Inscripto'),
	(33, '2017-05-26 20:24:37', 2, 44, NULL, 'Inscripto'),
	(34, '2017-05-26 20:25:12', 2, 45, NULL, 'Inscripto'),
	(35, '2017-05-26 20:25:27', 2, 46, NULL, 'Inscripto'),
	(36, '2017-05-26 20:25:37', 2, 47, NULL, 'Inscripto'),
	(37, '2017-05-26 20:25:47', 2, 48, NULL, 'Inscripto'),
	(38, '2017-05-26 20:28:19', 2, 50, NULL, 'Inscripto'),
	(39, '2017-05-26 20:28:38', 2, 51, NULL, 'Inscripto'),
	(40, '2017-05-26 20:28:59', 3, 54, NULL, 'Inscripto'),
	(41, '2017-05-26 20:29:11', 3, 55, NULL, 'Inscripto'),
	(42, '2017-05-26 20:29:26', 3, 52, NULL, 'Inscripto'),
	(43, '2017-05-26 20:29:41', 3, 53, NULL, 'Inscripto'),
	(44, '2017-05-26 20:29:50', 3, 56, NULL, 'Inscripto'),
	(45, '2017-05-26 20:30:02', 3, 57, NULL, 'Inscripto'),
	(46, '2017-05-26 20:30:16', 3, 58, NULL, 'Inscripto'),
	(47, '2017-05-26 20:30:25', 3, 59, NULL, 'Inscripto'),
	(48, '2017-05-26 20:37:03', 4, 60, NULL, 'Inscripto'),
	(49, '2017-05-26 20:37:25', 4, 61, NULL, 'Inscripto'),
	(50, '2017-05-26 20:37:37', 4, 62, NULL, 'Inscripto'),
	(51, '2017-05-26 20:37:52', 4, 63, NULL, 'Inscripto'),
	(52, '2017-05-26 20:38:03', 4, 64, NULL, 'Inscripto'),
	(53, '2017-05-26 20:38:15', 4, 66, NULL, 'Inscripto'),
	(54, '2017-05-26 20:38:41', 4, 67, NULL, 'Inscripto'),
	(55, '2017-05-26 20:38:51', 4, 68, NULL, 'Inscripto'),
	(56, '2017-05-26 20:39:01', 4, 69, NULL, 'Inscripto'),
	(57, '2017-05-26 20:39:15', 4, 70, NULL, 'Inscripto'),
	(58, '2017-05-26 20:39:27', 4, 71, NULL, 'Inscripto'),
	(59, '2017-05-26 20:39:41', 4, 72, NULL, 'Inscripto'),
	(60, '2017-05-26 20:40:07', 4, 73, NULL, 'Inscripto'),
	(61, '2017-05-26 20:41:09', 4, 74, NULL, 'Inscripto'),
	(62, '2017-05-26 20:41:24', 4, 75, NULL, 'Inscripto'),
	(63, '2017-05-26 20:41:36', 4, 76, NULL, 'Inscripto'),
	(64, '2017-05-26 20:41:47', 4, 77, NULL, 'Inscripto'),
	(65, '2017-05-26 20:41:57', 4, 65, NULL, 'Inscripto'),
	(66, '2017-05-26 20:42:15', 5, 78, NULL, 'Inscripto'),
	(67, '2017-05-26 20:42:51', 5, 79, NULL, 'Inscripto'),
	(68, '2017-05-26 20:43:13', 5, 81, NULL, 'Inscripto'),
	(69, '2017-05-26 20:43:26', 5, 82, NULL, 'Inscripto'),
	(70, '2017-05-26 20:43:36', 5, 84, NULL, 'Inscripto'),
	(71, '2017-05-26 20:43:54', 5, 85, NULL, 'Inscripto'),
	(75, '2017-05-26 20:44:47', 5, 89, NULL, 'Inscripto'),
	(76, '2017-05-26 20:44:57', 5, 90, NULL, 'Inscripto'),
	(78, '2017-05-26 20:45:34', 6, 15, NULL, 'Inscripto'),
	(79, '2017-05-26 20:45:44', 6, 18, NULL, 'Inscripto'),
	(80, '2017-05-26 20:45:58', 6, 17, NULL, 'Inscripto'),
	(81, '2017-05-26 20:46:07', 6, 11, NULL, 'Inscripto'),
	(82, '2017-05-26 20:46:25', 6, 12, NULL, 'Inscripto'),
	(83, '2017-05-26 20:48:07', 6, 13, NULL, 'Inscripto'),
	(84, '2017-05-26 20:48:25', 6, 14, NULL, 'Inscripto'),
	(85, '2017-05-26 20:48:38', 6, 16, NULL, 'Inscripto'),
	(86, '2017-06-16 21:01:30', 7, 146, NULL, 'Inscripto'),
	(87, '2017-06-16 21:02:38', 7, 142, NULL, 'Inscripto'),
	(88, '2017-06-16 21:03:00', 7, 143, NULL, 'Inscripto'),
	(89, '2017-06-16 21:03:19', 7, 144, NULL, 'Inscripto'),
	(90, '2017-06-16 21:03:37', 7, 145, NULL, 'Inscripto'),
	(91, '2017-06-16 21:04:00', 7, 136, NULL, 'Inscripto'),
	(92, '2017-06-16 21:04:24', 7, 137, NULL, 'Inscripto'),
	(93, '2017-06-16 21:04:36', 7, 138, NULL, 'Inscripto'),
	(94, '2017-06-16 21:05:04', 7, 139, NULL, 'Inscripto'),
	(95, '2017-06-16 21:05:19', 7, 140, NULL, 'Inscripto'),
	(96, '2017-06-16 21:05:33', 7, 141, NULL, 'Inscripto'),
	(97, '2017-06-16 21:06:00', 7, 132, NULL, 'Inscripto'),
	(98, '2017-06-16 21:06:17', 7, 133, NULL, 'Inscripto'),
	(99, '2017-06-16 21:08:13', 7, 134, NULL, 'Inscripto'),
	(100, '2017-06-16 21:09:05', 7, 135, NULL, 'Inscripto'),
	(101, '2017-06-16 21:10:08', 7, 121, NULL, 'Inscripto'),
	(102, '2017-06-16 21:10:26', 7, 130, NULL, 'Inscripto'),
	(103, '2017-06-16 21:10:58', 7, 131, NULL, 'Inscripto'),
	(104, '2017-06-16 21:11:11', 7, 120, NULL, 'Inscripto'),
	(105, '2017-06-16 21:11:45', 7, 109, NULL, 'Inscripto'),
	(106, '2017-06-16 21:13:11', 7, 111, NULL, 'Inscripto'),
	(107, '2017-06-16 21:13:29', 7, 112, NULL, 'Inscripto'),
	(108, '2017-06-16 21:13:44', 7, 113, NULL, 'Inscripto'),
	(109, '2017-06-16 21:13:57', 7, 114, NULL, 'Inscripto'),
	(110, '2017-06-16 21:14:14', 7, 115, NULL, 'Inscripto'),
	(111, '2017-06-16 21:14:28', 7, 116, NULL, 'Inscripto'),
	(112, '2017-06-16 21:14:41', 7, 117, NULL, 'Inscripto'),
	(113, '2017-06-16 21:14:58', 7, 118, NULL, 'Inscripto'),
	(114, '2017-06-16 21:15:19', 7, 119, NULL, 'Inscripto'),
	(115, '2017-06-16 21:15:33', 7, 104, NULL, 'Inscripto'),
	(116, '2017-06-16 21:16:06', 7, 105, NULL, 'Inscripto'),
	(117, '2017-06-16 21:16:31', 7, 106, NULL, 'Inscripto'),
	(118, '2017-06-16 21:16:54', 7, 107, NULL, 'Inscripto'),
	(119, '2017-06-16 21:17:09', 7, 108, NULL, 'Inscripto'),
	(120, '2017-06-16 21:18:04', 7, 99, NULL, 'Inscripto'),
	(121, '2017-06-16 21:18:30', 7, 100, NULL, 'Inscripto'),
	(122, '2017-06-16 21:20:03', 7, 101, NULL, 'Inscripto'),
	(123, '2017-06-16 21:20:15', 7, 102, NULL, 'Inscripto'),
	(124, '2017-06-16 21:20:28', 7, 92, NULL, 'Inscripto'),
	(125, '2017-06-16 21:20:41', 7, 93, NULL, 'Inscripto'),
	(126, '2017-06-16 21:20:54', 7, 94, NULL, 'Inscripto'),
	(127, '2017-06-16 21:21:08', 7, 95, NULL, 'Inscripto'),
	(128, '2017-06-16 21:21:41', 7, 96, NULL, 'Inscripto'),
	(129, '2017-06-16 21:22:15', 7, 97, NULL, 'Inscripto'),
	(130, '2017-06-16 21:22:43', 7, 98, NULL, 'Inscripto'),
	(131, '2017-06-16 21:24:10', 8, 147, NULL, 'Inscripto'),
	(132, '2017-06-16 21:24:28', 8, 148, NULL, 'Inscripto'),
	(133, '2017-06-16 21:24:45', 8, 149, NULL, 'Inscripto'),
	(134, '2017-06-16 21:25:05', 8, 150, NULL, 'Inscripto'),
	(135, '2017-06-16 21:25:24', 8, 151, NULL, 'Inscripto'),
	(136, '2017-06-16 21:26:06', 8, 152, NULL, 'Inscripto'),
	(137, '2017-06-16 21:26:24', 8, 153, NULL, 'Inscripto'),
	(138, '2017-06-16 21:27:03', 8, 154, NULL, 'Inscripto'),
	(139, '2017-06-16 21:27:17', 8, 155, NULL, 'Inscripto'),
	(140, '2017-06-16 21:27:39', 8, 156, NULL, 'Inscripto'),
	(141, '2017-06-16 21:27:50', 8, 157, NULL, 'Inscripto'),
	(142, '2017-06-16 21:28:04', 8, 158, NULL, 'Inscripto'),
	(143, '2017-06-16 21:28:18', 8, 159, NULL, 'Inscripto'),
	(144, '2017-06-16 21:28:38', 8, 160, NULL, 'Inscripto'),
	(145, '2017-06-16 21:28:52', 8, 161, NULL, 'Inscripto'),
	(146, '2017-06-16 21:29:11', 8, 162, NULL, 'Inscripto'),
	(147, '2017-06-16 21:29:28', 8, 163, NULL, 'Inscripto'),
	(148, '2017-06-16 21:29:44', 8, 164, NULL, 'Inscripto'),
	(149, '2017-06-16 21:30:27', 9, 180, NULL, 'Inscripto'),
	(150, '2017-06-16 21:30:41', 9, 181, NULL, 'Inscripto'),
	(151, '2017-06-16 21:31:07', 9, 166, NULL, 'Inscripto'),
	(152, '2017-06-16 21:31:19', 9, 167, NULL, 'Inscripto'),
	(153, '2017-06-16 21:31:30', 9, 168, NULL, 'Inscripto'),
	(154, '2017-06-16 21:31:48', 9, 169, NULL, 'Inscripto'),
	(155, '2017-06-16 21:32:03', 9, 170, NULL, 'Inscripto'),
	(156, '2017-06-16 21:32:14', 9, 171, NULL, 'Inscripto'),
	(157, '2017-06-16 21:32:25', 9, 172, NULL, 'Inscripto'),
	(158, '2017-06-16 21:32:40', 9, 173, NULL, 'Inscripto'),
	(159, '2017-06-16 21:32:52', 9, 174, NULL, 'Inscripto'),
	(160, '2017-06-16 21:33:02', 9, 175, NULL, 'Inscripto'),
	(161, '2017-06-16 21:33:19', 9, 179, NULL, 'Inscripto'),
	(162, '2017-06-16 21:33:32', 9, 177, NULL, 'Inscripto'),
	(163, '2017-06-16 21:34:04', 9, 178, NULL, 'Inscripto'),
	(164, '2017-06-16 21:34:17', 9, 165, NULL, 'Inscripto'),
	(165, '2017-06-16 21:36:01', 9, 182, NULL, 'Inscripto'),
	(166, '2017-09-01 20:12:02', 10, 183, NULL, 'Inscripto'),
	(167, '2017-09-01 20:14:23', 10, 184, NULL, 'Inscripto'),
	(168, '2017-09-01 20:22:07', 10, 185, NULL, 'Inscripto'),
	(169, '2017-09-01 21:09:45', 10, 186, '2017-08-17 00:00:00', 'Inscripto'),
	(170, '2017-09-07 19:36:25', 10, 189, NULL, 'Inscripto'),
	(171, '2017-09-07 19:37:52', 10, 190, NULL, 'Inscripto'),
	(172, '2017-09-07 19:39:50', 10, 191, NULL, 'Inscripto'),
	(174, '2017-09-07 19:44:09', 10, 193, NULL, 'Inscripto'),
	(175, '2017-09-07 19:46:15', 10, 194, NULL, 'Inscripto'),
	(176, '2017-10-06 00:00:00', 10, 195, NULL, 'Libre'),
	(177, '2017-09-08 18:34:27', 10, 196, NULL, 'Inscripto'),
	(178, '2017-09-08 18:36:34', 10, 197, NULL, 'Inscripto'),
	(179, '2017-09-08 18:39:54', 10, 199, NULL, 'Inscripto'),
	(180, '2017-09-08 18:42:44', 10, 200, NULL, 'Inscripto'),
	(181, '2017-09-08 18:45:38', 10, 201, NULL, 'Inscripto'),
	(182, '2017-09-08 18:48:47', 10, 202, NULL, 'Inscripto'),
	(184, '2017-09-08 18:52:28', 10, 204, NULL, 'Inscripto'),
	(185, '2017-09-08 18:55:52', 10, 205, NULL, 'Inscripto'),
	(186, '2017-09-08 18:58:08', 10, 206, NULL, 'Inscripto'),
	(188, '2017-09-08 19:01:25', 10, 208, NULL, 'Inscripto'),
	(189, '2017-09-08 19:10:02', 10, 209, NULL, 'Inscripto'),
	(190, '2017-09-08 19:12:19', 10, 210, NULL, 'Inscripto'),
	(191, '2017-09-08 19:13:29', 10, 211, NULL, 'Inscripto'),
	(192, '2017-09-08 19:15:12', 10, 212, NULL, 'Inscripto'),
	(193, '2017-10-06 00:00:00', 10, 213, NULL, 'Libre'),
	(194, '2017-09-08 19:20:38', 10, 214, NULL, 'Inscripto'),
	(195, '2017-09-08 19:24:00', 10, 215, NULL, 'Inscripto'),
	(196, '2017-09-08 19:25:34', 10, 216, NULL, 'Inscripto'),
	(197, '2017-09-08 19:27:18', 10, 217, NULL, 'Inscripto'),
	(198, '2017-09-08 19:28:49', 10, 218, NULL, 'Inscripto'),
	(199, '2017-10-06 00:00:00', 10, 219, NULL, 'Libre'),
	(200, '2017-09-08 19:32:39', 10, 220, NULL, 'Inscripto'),
	(201, '2017-09-08 19:34:24', 10, 221, NULL, 'Inscripto'),
	(202, '2017-09-08 19:36:22', 10, 222, NULL, 'Inscripto'),
	(203, '2017-09-08 19:37:30', 10, 223, NULL, 'Inscripto'),
	(204, '2017-09-08 19:39:08', 10, 224, NULL, 'Inscripto'),
	(205, '2017-09-08 19:40:42', 10, 225, NULL, 'Inscripto'),
	(207, '2017-09-20 19:29:11', 10, 187, NULL, 'Inscripto'),
	(208, '2017-09-27 18:09:54', 10, 227, '2017-09-21 00:00:00', 'Inscripto'),
	(209, '2017-10-06 00:00:00', 10, 188, NULL, 'Inscripto'),
	(210, '2017-10-06 00:00:00', 10, 233, NULL, 'Libre'),
	(211, '2017-10-06 00:00:00', 10, 234, NULL, 'Inscripto'),
	(212, '2017-10-06 00:00:00', 10, 228, NULL, 'Inscripto'),
	(213, '2017-10-06 00:00:00', 10, 235, NULL, 'Inscripto'),
	(214, '2017-10-06 00:00:00', 10, 232, NULL, 'Inscripto'),
	(215, '2017-10-06 00:00:00', 10, 236, NULL, 'Inscripto'),
	(216, '2017-10-31 00:00:00', 10, 237, NULL, 'Inscripto'),
	(218, '2017-12-01 00:00:00', 2, 238, NULL, 'Inscripto'),
	(219, '2017-12-01 00:00:00', 5, 240, NULL, 'Inscripto'),
	(220, '2017-12-01 00:00:00', 10, 230, NULL, 'Inscripto'),
	(221, '2017-12-01 00:00:00', 10, 241, NULL, 'Inscripto'),
	(222, '2017-12-01 00:00:00', 8, 242, NULL, 'Inscripto'),
	(223, '2017-12-01 00:00:00', 8, 243, NULL, 'Inscripto'),
	(224, '2017-12-01 00:00:00', 9, 244, NULL, 'Inscripto'),
	(225, '2017-12-01 00:00:00', 7, 245, NULL, 'Inscripto'),
	(227, '2017-12-01 00:00:00', 7, 247, NULL, 'Inscripto'),
	(228, '2017-12-01 00:00:00', 7, 248, NULL, 'Inscripto'),
	(229, '2017-12-01 00:00:00', 7, 249, NULL, 'Inscripto'),
	(230, '2017-12-01 00:00:00', 7, 250, NULL, 'Inscripto'),
	(231, '2017-12-01 00:00:00', 7, 131, NULL, 'Inscripto'),
	(232, '2017-12-15 00:00:00', 9, 251, NULL, 'Inscripto'),
	(233, '2018-02-15 00:00:00', 12, 23, NULL, 'Inscripto'),
	(234, '2018-02-15 00:00:00', 17, 248, NULL, 'Inscripto'),
	(235, '2018-02-15 00:00:00', 11, 252, NULL, 'Inscripto'),
	(236, '2018-02-15 00:00:00', 16, 253, NULL, 'Inscripto'),
	(237, '2018-02-15 00:00:00', 11, 254, NULL, 'Inscripto'),
	(238, '2018-02-15 00:00:00', 11, 255, NULL, 'Inscripto'),
	(239, '2018-02-20 00:00:00', 11, 257, NULL, 'Inscripto'),
	(240, '2018-02-20 00:00:00', 13, 258, NULL, 'Inscripto'),
	(241, '2018-02-20 00:00:00', 12, 36, NULL, 'Inscripto'),
	(242, '2018-02-20 00:00:00', 13, 259, NULL, 'Inscripto'),
	(243, '2018-02-20 00:00:00', 13, 260, NULL, 'Inscripto'),
	(244, '2018-02-20 00:00:00', 12, 261, NULL, 'Inscripto'),
	(245, '2018-02-20 00:00:00', 12, 34, NULL, 'Inscripto'),
	(246, '2018-02-20 00:00:00', 16, 225, NULL, 'Inscripto'),
	(247, '2018-02-21 00:00:00', 11, 262, NULL, 'Inscripto'),
	(248, '2018-02-21 00:00:00', 11, 263, NULL, 'Inscripto'),
	(249, '2018-02-21 00:00:00', 13, 264, NULL, 'Inscripto'),
	(250, '2018-02-21 00:00:00', 17, 265, NULL, 'Inscripto'),
	(251, '2018-02-21 00:00:00', 17, 266, NULL, 'Inscripto'),
	(252, '2018-02-22 00:00:00', 17, 105, NULL, 'Inscripto'),
	(253, '2018-02-22 00:00:00', 16, 267, NULL, 'Inscripto'),
	(254, '2018-02-22 00:00:00', 11, 268, NULL, 'Inscripto'),
	(255, '2018-02-22 00:00:00', 19, 4, NULL, 'Inscripto'),
	(256, '2018-02-22 00:00:00', 19, 15, NULL, 'Inscripto'),
	(257, '2018-02-22 00:00:00', 19, 18, NULL, 'Inscripto'),
	(258, '2018-02-22 00:00:00', 19, 2, NULL, 'Inscripto'),
	(259, '2018-02-22 00:00:00', 19, 13, NULL, 'Inscripto'),
	(260, '2018-02-22 00:00:00', 11, 269, NULL, 'Inscripto'),
	(261, '2018-02-22 00:00:00', 11, 270, NULL, 'Inscripto'),
	(263, '2018-02-23 00:00:00', 19, 272, NULL, 'Inscripto'),
	(264, '2018-02-23 00:00:00', 11, 273, NULL, 'Inscripto'),
	(265, '2018-02-23 00:00:00', 11, 274, NULL, 'Inscripto'),
	(266, '2018-02-23 00:00:00', 11, 275, NULL, 'Inscripto'),
	(267, '2018-02-23 00:00:00', 19, 78, NULL, 'Inscripto'),
	(268, '2018-02-23 00:00:00', 11, 276, NULL, 'Inscripto'),
	(269, '2018-02-23 00:00:00', 11, 277, NULL, 'Inscripto'),
	(270, '2018-02-23 00:00:00', 11, 278, NULL, 'Inscripto'),
	(271, '2018-02-26 00:00:00', 13, 279, NULL, 'Inscripto'),
	(272, '2018-02-26 00:00:00', 11, 280, NULL, 'Inscripto'),
	(273, '2018-02-26 00:00:00', 11, 281, NULL, 'Inscripto'),
	(274, '2018-02-26 00:00:00', 13, 282, NULL, 'Inscripto'),
	(275, '2018-02-26 00:00:00', 11, 283, NULL, 'Inscripto'),
	(276, '2018-02-26 00:00:00', 13, 284, NULL, 'Inscripto'),
	(277, '2018-02-26 00:00:00', 15, 152, NULL, 'Inscripto'),
	(278, '2018-02-26 00:00:00', 15, 242, NULL, 'Inscripto'),
	(279, '2018-02-26 00:00:00', 13, 285, NULL, 'Inscripto'),
	(280, '2018-02-27 00:00:00', 16, 286, NULL, 'Inscripto'),
	(281, '2018-02-27 00:00:00', 13, 287, NULL, 'Inscripto'),
	(282, '2018-02-27 00:00:00', 17, 102, NULL, 'Inscripto'),
	(283, '2018-02-27 00:00:00', 13, 288, NULL, 'Inscripto'),
	(284, '2018-02-27 00:00:00', 13, 289, NULL, 'Inscripto'),
	(285, '2018-02-27 00:00:00', 13, 247, NULL, 'Inscripto'),
	(286, '2018-02-27 00:00:00', 13, 290, NULL, 'Inscripto'),
	(287, '2018-02-27 00:00:00', 13, 291, NULL, 'Inscripto'),
	(288, '2018-02-27 00:00:00', 13, 292, NULL, 'Inscripto'),
	(289, '2018-02-27 00:00:00', 13, 293, NULL, 'Inscripto'),
	(290, '2018-02-27 00:00:00', 11, 294, NULL, 'Inscripto'),
	(291, '2018-02-27 00:00:00', 13, 295, NULL, 'Inscripto'),
	(292, '2018-02-27 00:00:00', 13, 296, NULL, 'Inscripto'),
	(293, '2018-02-28 00:00:00', 15, 67, NULL, 'Inscripto'),
	(294, '2018-02-28 00:00:00', 15, 63, NULL, 'Inscripto'),
	(295, '2018-02-28 00:00:00', 11, 297, NULL, 'Inscripto'),
	(296, '2018-02-28 00:00:00', 11, 298, NULL, 'Inscripto'),
	(297, '2018-02-28 00:00:00', 13, 299, NULL, 'Inscripto'),
	(298, '2018-02-28 00:00:00', 13, 300, NULL, 'Inscripto'),
	(299, '2018-02-28 00:00:00', 16, 301, NULL, 'Inscripto'),
	(300, '2018-02-28 00:00:00', 11, 302, NULL, 'Inscripto'),
	(301, '2018-02-28 00:00:00', 13, 303, NULL, 'Inscripto'),
	(302, '2018-02-28 00:00:00', 15, 73, NULL, 'Inscripto'),
	(303, '2018-02-28 00:00:00', 15, 75, NULL, 'Inscripto'),
	(304, '2018-02-28 00:00:00', 15, 74, NULL, 'Inscripto'),
	(305, '2018-02-28 00:00:00', 15, 70, NULL, 'Inscripto'),
	(306, '2018-02-28 00:00:00', 15, 65, NULL, 'Inscripto'),
	(307, '2018-02-28 00:00:00', 15, 66, NULL, 'Inscripto'),
	(308, '2018-02-28 00:00:00', 15, 60, NULL, 'Inscripto'),
	(309, '2018-02-28 00:00:00', 15, 72, NULL, 'Inscripto'),
	(310, '2018-02-28 00:00:00', 15, 61, NULL, 'Inscripto'),
	(311, '2018-02-28 00:00:00', 15, 68, NULL, 'Inscripto'),
	(312, '2018-02-28 00:00:00', 15, 77, NULL, 'Inscripto'),
	(313, '2018-02-28 00:00:00', 15, 71, NULL, 'Inscripto'),
	(314, '2018-02-28 00:00:00', 11, 304, NULL, 'Inscripto'),
	(315, '2018-02-28 00:00:00', 13, 305, NULL, 'Inscripto'),
	(316, '2018-03-01 00:00:00', 13, 306, NULL, 'Inscripto'),
	(317, '2018-03-01 00:00:00', 12, 28, NULL, 'Inscripto'),
	(318, '2018-03-01 00:00:00', 15, 166, NULL, 'Inscripto'),
	(319, '2018-03-01 00:00:00', 15, 251, NULL, 'Inscripto'),
	(320, '2018-03-01 00:00:00', 15, 177, NULL, 'Inscripto'),
	(321, '2018-03-01 00:00:00', 15, 175, NULL, 'Inscripto'),
	(322, '2018-03-01 00:00:00', 15, 168, NULL, 'Inscripto');
/*!40000 ALTER TABLE `inscripcion` ENABLE KEYS */;

-- Volcando estructura para tabla abruzzesa_admin.pago_insc_cuota
DROP TABLE IF EXISTS `pago_insc_cuota`;
CREATE TABLE IF NOT EXISTS `pago_insc_cuota` (
  `id_pago_insc_cuota` int(11) NOT NULL AUTO_INCREMENT,
  `fecha_alta` datetime NOT NULL,
  `id_inscripcion` int(11) NOT NULL,
  `es_socio` tinyint(1) NOT NULL,
  `importe` decimal(19,2) DEFAULT NULL,
  `fecha_cuota` date NOT NULL,
  `usuario` varchar(90) DEFAULT NULL,
  `id_caja` int(11) DEFAULT NULL,
  `pagado` tinyint(1) DEFAULT NULL,
  `fecha_pago` datetime DEFAULT NULL,
  PRIMARY KEY (`id_pago_insc_cuota`,`fecha_alta`,`id_inscripcion`),
  KEY `FK21220C46FA91BAED` (`id_caja`),
  KEY `FK21220C46F0FADDD5` (`id_inscripcion`),
  CONSTRAINT `FK21220C46F0FADDD5` FOREIGN KEY (`id_inscripcion`) REFERENCES `inscripcion` (`id_inscripcion`),
  CONSTRAINT `FK21220C46FA91BAED` FOREIGN KEY (`id_caja`) REFERENCES `caja` (`id_caja`)
) ENGINE=InnoDB AUTO_INCREMENT=2075 DEFAULT CHARSET=utf8;

-- Volcando datos para la tabla abruzzesa_admin.pago_insc_cuota: ~940 rows (aproximadamente)
DELETE FROM `pago_insc_cuota`;
/*!40000 ALTER TABLE `pago_insc_cuota` DISABLE KEYS */;
INSERT INTO `pago_insc_cuota` (`id_pago_insc_cuota`, `fecha_alta`, `id_inscripcion`, `es_socio`, `importe`, `fecha_cuota`, `usuario`, `id_caja`, `pagado`, `fecha_pago`) VALUES
	(2, '2017-11-01 21:41:06', 7, 0, 400.00, '2017-04-01', 'admin', NULL, 1, '2017-11-01 21:41:06'),
	(28, '2017-10-31 21:53:04', 10, 0, 400.00, '2017-03-01', 'admin', NULL, 1, '2017-10-31 21:53:04'),
	(29, '2017-11-01 21:12:27', 10, 0, 400.00, '2017-04-01', 'admin', NULL, 1, '2017-11-01 21:12:27'),
	(37, '2017-10-31 21:58:59', 11, 0, 400.00, '2017-03-01', 'admin', NULL, 1, '2017-10-31 21:58:59'),
	(38, '2017-11-01 21:25:12', 11, 0, 400.00, '2017-04-01', 'admin', NULL, 1, '2017-11-01 21:25:12'),
	(39, '2017-11-01 21:25:25', 11, 0, 400.00, '2017-05-01', 'admin', NULL, 1, '2017-11-01 21:25:25'),
	(46, '2017-10-31 21:59:17', 12, 0, 400.00, '2017-03-01', 'admin', NULL, 1, '2017-10-31 21:59:17'),
	(47, '2017-11-01 21:25:42', 12, 0, 400.00, '2017-04-01', 'admin', NULL, 1, '2017-11-01 21:25:42'),
	(48, '2017-11-01 21:25:58', 12, 0, 400.00, '2017-05-01', 'admin', NULL, 1, '2017-11-01 21:25:58'),
	(49, '2017-11-01 21:26:10', 12, 0, 400.00, '2017-06-01', 'admin', NULL, 1, '2017-11-01 21:26:10'),
	(50, '2017-11-01 21:26:19', 12, 0, 400.00, '2017-07-01', 'admin', NULL, 1, '2017-11-01 21:26:19'),
	(51, '2017-11-01 21:26:47', 12, 0, 400.00, '2017-08-01', 'admin', NULL, 1, '2017-11-01 21:26:47'),
	(52, '2017-11-01 21:26:55', 12, 0, 400.00, '2017-09-01', 'admin', NULL, 1, '2017-11-01 21:26:55'),
	(53, '2017-11-01 21:27:06', 12, 0, 400.00, '2017-10-01', 'admin', NULL, 1, '2017-11-01 21:27:06'),
	(54, '2017-11-16 21:37:43', 12, 0, 400.00, '2017-11-01', 'admin', NULL, 1, '2017-11-16 21:37:43'),
	(64, '2017-10-31 22:00:09', 14, 0, 400.00, '2017-03-01', 'admin', NULL, 1, '2017-10-31 22:00:09'),
	(65, '2017-11-01 21:29:21', 14, 0, 400.00, '2017-04-01', 'admin', NULL, 1, '2017-11-01 21:29:21'),
	(66, '2017-11-01 21:29:28', 14, 0, 400.00, '2017-05-01', 'admin', NULL, 1, '2017-11-01 21:29:28'),
	(67, '2017-11-01 21:29:35', 14, 0, 400.00, '2017-06-01', 'admin', NULL, 1, '2017-11-01 21:29:35'),
	(68, '2017-11-01 21:29:41', 14, 0, 400.00, '2017-07-01', 'admin', NULL, 1, '2017-11-01 21:29:41'),
	(69, '2017-11-01 21:29:48', 14, 0, 400.00, '2017-08-01', 'admin', NULL, 1, '2017-11-01 21:29:48'),
	(70, '2017-11-01 21:29:56', 14, 0, 400.00, '2017-09-01', 'admin', NULL, 1, '2017-11-01 21:29:56'),
	(71, '2017-11-01 21:30:03', 14, 0, 400.00, '2017-10-01', 'admin', NULL, 1, '2017-11-01 21:30:03'),
	(72, '2017-11-15 23:01:52', 14, 0, 400.00, '2017-11-01', 'admin', NULL, 1, '2017-11-15 23:01:52'),
	(75, '2017-11-01 21:27:36', 15, 0, 400.00, '2017-05-01', 'admin', NULL, 1, '2017-11-01 21:27:36'),
	(76, '2017-11-01 21:27:47', 15, 0, 400.00, '2017-06-01', 'admin', NULL, 1, '2017-11-01 21:27:47'),
	(77, '2017-11-01 21:28:11', 15, 0, 400.00, '2017-07-01', 'admin', NULL, 1, '2017-11-01 21:28:11'),
	(82, '2017-10-31 21:53:39', 16, 0, 400.00, '2017-03-01', 'admin', NULL, 1, '2017-10-31 21:53:39'),
	(83, '2017-11-01 21:18:20', 16, 0, 400.00, '2017-04-01', 'admin', NULL, 1, '2017-11-01 21:18:20'),
	(84, '2017-11-01 21:18:32', 16, 0, 400.00, '2017-05-01', 'admin', NULL, 1, '2017-11-01 21:18:32'),
	(91, '2017-10-31 22:00:29', 17, 0, 400.00, '2017-03-01', 'admin', NULL, 1, '2017-10-31 22:00:29'),
	(92, '2017-11-01 21:30:24', 17, 0, 400.00, '2017-04-01', 'admin', NULL, 1, '2017-11-01 21:30:24'),
	(93, '2017-11-01 21:30:42', 17, 0, 400.00, '2017-05-01', 'admin', NULL, 1, '2017-11-01 21:30:42'),
	(94, '2017-11-01 21:30:51', 17, 0, 400.00, '2017-06-01', 'admin', NULL, 1, '2017-11-01 21:30:51'),
	(95, '2017-11-01 21:30:59', 17, 0, 400.00, '2017-07-01', 'admin', NULL, 1, '2017-11-01 21:30:59'),
	(96, '2017-11-01 21:31:06', 17, 0, 400.00, '2017-08-01', 'admin', NULL, 1, '2017-11-01 21:31:06'),
	(97, '2017-11-01 21:31:13', 17, 0, 400.00, '2017-09-01', 'admin', NULL, 1, '2017-11-01 21:31:13'),
	(98, '2017-11-01 21:31:29', 17, 0, 400.00, '2017-10-01', 'admin', NULL, 1, '2017-11-01 21:31:29'),
	(99, '2017-11-15 23:03:01', 17, 0, 400.00, '2017-11-01', 'admin', NULL, 1, '2017-11-15 23:03:01'),
	(100, '2017-10-31 22:01:20', 18, 0, 400.00, '2017-03-01', 'admin', NULL, 1, '2017-10-31 22:01:20'),
	(101, '2017-11-01 21:32:02', 18, 0, 400.00, '2017-04-01', 'admin', NULL, 1, '2017-11-01 21:32:02'),
	(102, '2017-11-01 21:32:10', 18, 0, 400.00, '2017-05-01', 'admin', NULL, 1, '2017-11-01 21:32:10'),
	(103, '2017-11-01 21:32:18', 18, 0, 400.00, '2017-06-01', 'admin', NULL, 1, '2017-11-01 21:32:18'),
	(109, '2017-10-31 21:59:48', 19, 0, 400.00, '2017-03-01', 'admin', NULL, 1, '2017-10-31 21:59:48'),
	(110, '2017-11-01 21:28:29', 19, 0, 400.00, '2017-04-01', 'admin', NULL, 1, '2017-11-01 21:28:29'),
	(111, '2017-11-01 21:28:37', 19, 0, 400.00, '2017-05-01', 'admin', NULL, 1, '2017-11-01 21:28:37'),
	(112, '2017-11-01 21:28:43', 19, 0, 400.00, '2017-06-01', 'admin', NULL, 1, '2017-11-01 21:28:43'),
	(113, '2017-11-01 21:28:51', 19, 0, 400.00, '2017-07-01', 'admin', NULL, 1, '2017-11-01 21:28:51'),
	(118, '2017-11-15 22:39:55', 20, 0, 150.00, '2017-03-01', 'admin', NULL, 1, '2017-11-15 22:39:55'),
	(127, '2017-10-31 21:58:30', 21, 0, 400.00, '2017-03-01', 'admin', NULL, 1, '2017-10-31 21:58:30'),
	(128, '2017-11-01 21:20:54', 21, 0, 400.00, '2017-04-01', 'admin', NULL, 1, '2017-11-01 21:20:54'),
	(129, '2017-11-01 21:21:06', 21, 0, 400.00, '2017-05-01', 'admin', NULL, 1, '2017-11-01 21:21:06'),
	(130, '2017-11-01 21:22:04', 21, 0, 400.00, '2017-06-01', 'admin', NULL, 1, '2017-11-01 21:22:04'),
	(131, '2017-11-01 21:22:18', 21, 0, 400.00, '2017-07-01', 'admin', NULL, 1, '2017-11-01 21:22:18'),
	(132, '2017-11-01 21:22:30', 21, 0, 400.00, '2017-08-01', 'admin', NULL, 1, '2017-11-01 21:22:30'),
	(133, '2017-11-01 21:22:42', 21, 0, 400.00, '2017-09-01', 'admin', NULL, 1, '2017-11-01 21:22:42'),
	(134, '2017-11-01 21:23:10', 21, 0, 400.00, '2017-10-01', 'admin', NULL, 1, '2017-11-01 21:23:10'),
	(135, '2017-11-16 21:37:03', 21, 0, 400.00, '2017-11-01', 'admin', NULL, 1, '2017-11-16 21:37:03'),
	(136, '2017-10-31 21:58:11', 22, 0, 400.00, '2017-03-01', 'admin', NULL, 1, '2017-10-31 21:58:11'),
	(137, '2017-11-01 21:20:01', 22, 0, 400.00, '2017-04-01', 'admin', NULL, 1, '2017-11-01 21:20:01'),
	(145, '2017-10-31 21:52:37', 23, 0, 400.00, '2017-03-01', 'admin', NULL, 1, '2017-10-31 21:52:37'),
	(146, '2017-11-01 21:09:36', 23, 0, 400.00, '2017-04-01', 'admin', NULL, 1, '2017-11-01 21:09:36'),
	(147, '2017-11-01 21:10:24', 23, 0, 400.00, '2017-05-01', 'admin', NULL, 1, '2017-11-01 21:10:24'),
	(148, '2017-11-01 21:10:47', 23, 0, 400.00, '2017-06-01', 'admin', NULL, 1, '2017-11-01 21:10:47'),
	(149, '2017-11-01 21:11:00', 23, 0, 400.00, '2017-07-01', 'admin', NULL, 1, '2017-11-01 21:11:00'),
	(150, '2017-11-01 21:11:12', 23, 0, 400.00, '2017-08-01', 'admin', NULL, 1, '2017-11-01 21:11:12'),
	(151, '2017-11-01 21:11:23', 23, 0, 400.00, '2017-09-01', 'admin', NULL, 1, '2017-11-01 21:11:23'),
	(152, '2017-11-01 21:11:37', 23, 0, 400.00, '2017-10-01', 'admin', NULL, 1, '2017-11-01 21:11:37'),
	(154, '2017-10-31 21:53:20', 24, 0, 400.00, '2017-03-01', 'admin', NULL, 1, '2017-10-31 21:53:20'),
	(155, '2017-11-01 21:12:45', 24, 0, 400.00, '2017-04-01', 'admin', NULL, 1, '2017-11-01 21:12:45'),
	(156, '2017-11-01 21:13:12', 24, 0, 400.00, '2017-05-01', 'admin', NULL, 1, '2017-11-01 21:13:12'),
	(157, '2017-11-01 21:13:25', 24, 0, 400.00, '2017-06-01', 'admin', NULL, 1, '2017-11-01 21:13:25'),
	(158, '2017-11-01 21:13:39', 24, 0, 400.00, '2017-07-01', 'admin', NULL, 1, '2017-11-01 21:13:39'),
	(159, '2017-11-01 21:13:49', 24, 0, 400.00, '2017-08-01', 'admin', NULL, 1, '2017-11-01 21:13:49'),
	(160, '2017-11-01 21:14:00', 24, 0, 400.00, '2017-09-01', 'admin', NULL, 1, '2017-11-01 21:14:00'),
	(161, '2017-11-01 21:14:12', 24, 0, 400.00, '2017-10-01', 'admin', NULL, 1, '2017-11-01 21:14:12'),
	(162, '2017-11-15 23:19:32', 24, 0, 400.00, '2017-11-01', 'admin', NULL, 1, '2017-11-15 23:19:32'),
	(163, '2017-10-31 21:58:45', 25, 0, 400.00, '2017-03-01', 'admin', NULL, 1, '2017-10-31 21:58:45'),
	(164, '2017-11-01 21:23:26', 25, 0, 400.00, '2017-04-01', 'admin', NULL, 1, '2017-11-01 21:23:26'),
	(165, '2017-11-01 21:23:47', 25, 0, 400.00, '2017-05-01', 'admin', NULL, 1, '2017-11-01 21:23:47'),
	(166, '2017-11-01 21:23:59', 25, 0, 400.00, '2017-06-01', 'admin', NULL, 1, '2017-11-01 21:23:59'),
	(167, '2017-11-01 21:24:12', 25, 0, 400.00, '2017-07-01', 'admin', NULL, 1, '2017-11-01 21:24:12'),
	(168, '2017-11-01 21:24:27', 25, 0, 400.00, '2017-08-01', 'admin', NULL, 1, '2017-11-01 21:24:27'),
	(169, '2017-11-01 21:24:44', 25, 0, 400.00, '2017-09-01', 'admin', NULL, 1, '2017-11-01 21:24:44'),
	(170, '2017-11-01 21:24:56', 25, 0, 400.00, '2017-10-01', 'admin', NULL, 1, '2017-11-01 21:24:56'),
	(171, '2017-11-16 21:37:22', 25, 0, 400.00, '2017-11-01', 'admin', NULL, 1, '2017-11-16 21:37:22'),
	(172, '2017-11-15 23:10:00', 26, 0, 400.00, '2017-03-01', 'admin', NULL, 1, '2017-11-15 23:10:00'),
	(173, '2017-11-15 23:10:23', 26, 0, 400.00, '2017-04-01', 'admin', NULL, 1, '2017-11-15 23:10:23'),
	(181, '2017-10-31 22:01:37', 27, 0, 400.00, '2017-03-01', 'admin', NULL, 1, '2017-10-31 22:01:37'),
	(182, '2017-11-01 21:35:15', 27, 0, 400.00, '2017-04-01', 'admin', NULL, 1, '2017-11-01 21:35:15'),
	(183, '2017-11-01 21:35:34', 27, 0, 400.00, '2017-05-01', 'admin', NULL, 1, '2017-11-01 21:35:34'),
	(190, '2017-10-31 22:01:54', 28, 0, 400.00, '2017-03-01', 'admin', NULL, 1, '2017-10-31 22:01:54'),
	(191, '2017-11-01 21:35:58', 28, 0, 400.00, '2017-04-01', 'admin', NULL, 1, '2017-11-01 21:35:58'),
	(192, '2017-11-01 21:36:06', 28, 0, 400.00, '2017-05-01', 'admin', NULL, 1, '2017-11-01 21:36:06'),
	(193, '2017-11-01 21:36:15', 28, 0, 400.00, '2017-06-01', 'admin', NULL, 1, '2017-11-01 21:36:15'),
	(194, '2017-11-01 21:36:23', 28, 0, 400.00, '2017-07-01', 'admin', NULL, 1, '2017-11-01 21:36:23'),
	(195, '2017-11-01 21:36:31', 28, 0, 400.00, '2017-08-01', 'admin', NULL, 1, '2017-11-01 21:36:31'),
	(196, '2017-11-01 21:36:39', 28, 0, 400.00, '2017-09-01', 'admin', NULL, 1, '2017-11-01 21:36:39'),
	(197, '2017-11-01 21:36:47', 28, 0, 400.00, '2017-10-01', 'admin', NULL, 1, '2017-11-01 21:36:47'),
	(199, '2017-10-31 22:02:15', 29, 0, 400.00, '2017-03-01', 'admin', NULL, 1, '2017-10-31 22:02:15'),
	(200, '2017-11-01 21:37:08', 29, 0, 400.00, '2017-04-01', 'admin', NULL, 1, '2017-11-01 21:37:08'),
	(201, '2017-11-01 21:37:19', 29, 0, 400.00, '2017-05-01', 'admin', NULL, 1, '2017-11-01 21:37:19'),
	(202, '2017-11-01 21:37:29', 29, 0, 400.00, '2017-06-01', 'admin', NULL, 1, '2017-11-01 21:37:29'),
	(203, '2017-11-01 21:37:37', 29, 0, 400.00, '2017-07-01', 'admin', NULL, 1, '2017-11-01 21:37:37'),
	(204, '2017-11-01 21:37:44', 29, 0, 400.00, '2017-08-01', 'admin', NULL, 1, '2017-11-01 21:37:44'),
	(205, '2017-11-01 21:37:51', 29, 0, 400.00, '2017-09-01', 'admin', NULL, 1, '2017-11-01 21:37:51'),
	(206, '2017-11-01 21:37:58', 29, 0, 400.00, '2017-10-01', 'admin', NULL, 1, '2017-11-01 21:37:58'),
	(208, '2017-10-31 22:02:32', 30, 0, 400.00, '2017-03-01', 'admin', NULL, 1, '2017-10-31 22:02:32'),
	(209, '2017-11-01 21:39:41', 30, 0, 400.00, '2017-04-01', 'admin', NULL, 1, '2017-11-01 21:39:41'),
	(210, '2017-11-01 21:39:49', 30, 0, 400.00, '2017-05-01', 'admin', NULL, 1, '2017-11-01 21:39:49'),
	(211, '2017-11-01 21:39:57', 30, 0, 400.00, '2017-06-01', 'admin', NULL, 1, '2017-11-01 21:39:57'),
	(212, '2017-11-01 21:40:08', 30, 0, 400.00, '2017-07-01', 'admin', NULL, 1, '2017-11-01 21:40:08'),
	(218, '2017-11-01 21:16:55', 31, 0, 400.00, '2017-04-01', 'admin', NULL, 1, '2017-11-01 21:16:55'),
	(219, '2017-11-01 21:17:25', 31, 0, 400.00, '2017-05-01', 'admin', NULL, 1, '2017-11-01 21:17:25'),
	(220, '2017-11-01 21:17:42', 31, 0, 400.00, '2017-06-01', 'admin', NULL, 1, '2017-11-01 21:17:42'),
	(227, '2017-11-01 21:14:29', 32, 0, 400.00, '2017-04-01', 'admin', NULL, 1, '2017-11-01 21:14:29'),
	(228, '2017-11-01 21:14:44', 32, 0, 400.00, '2017-05-01', 'admin', NULL, 1, '2017-11-01 21:14:44'),
	(229, '2017-11-01 21:14:58', 32, 0, 400.00, '2017-06-01', 'admin', NULL, 1, '2017-11-01 21:14:58'),
	(230, '2017-11-01 21:15:34', 32, 0, 400.00, '2017-07-01', 'admin', NULL, 1, '2017-11-01 21:15:34'),
	(231, '2017-11-01 21:16:06', 32, 0, 400.00, '2017-08-01', 'admin', NULL, 1, '2017-11-01 21:16:06'),
	(232, '2017-11-01 21:16:18', 32, 0, 400.00, '2017-09-01', 'admin', NULL, 1, '2017-11-01 21:16:18'),
	(233, '2017-11-01 21:16:33', 32, 0, 400.00, '2017-10-01', 'admin', NULL, 1, '2017-11-01 21:16:33'),
	(234, '2017-11-16 21:32:31', 32, 0, 400.00, '2017-11-01', 'admin', NULL, 1, '2017-11-16 21:32:31'),
	(245, '2017-11-01 21:40:48', 34, 0, 400.00, '2017-04-01', 'admin', NULL, 1, '2017-11-01 21:40:48'),
	(254, '2017-11-01 21:42:07', 35, 0, 400.00, '2017-04-01', 'admin', NULL, 1, '2017-11-01 21:42:07'),
	(255, '2017-11-01 21:42:17', 35, 0, 400.00, '2017-05-01', 'admin', NULL, 1, '2017-11-01 21:42:17'),
	(256, '2017-11-01 21:42:37', 35, 0, 400.00, '2017-06-01', 'admin', NULL, 1, '2017-11-01 21:42:37'),
	(257, '2017-11-01 21:42:45', 35, 0, 400.00, '2017-07-01', 'admin', NULL, 1, '2017-11-01 21:42:45'),
	(263, '2017-11-01 22:10:12', 36, 0, 400.00, '2017-04-01', 'admin', NULL, 1, '2017-11-01 22:10:12'),
	(264, '2017-11-01 22:10:24', 36, 0, 400.00, '2017-05-01', 'admin', NULL, 1, '2017-11-01 22:10:24'),
	(265, '2017-11-01 22:10:34', 36, 0, 400.00, '2017-06-01', 'admin', NULL, 1, '2017-11-01 22:10:34'),
	(266, '2017-11-01 22:10:53', 36, 0, 400.00, '2017-07-01', 'admin', NULL, 1, '2017-11-01 22:10:53'),
	(267, '2017-11-01 22:11:02', 36, 0, 400.00, '2017-08-01', 'admin', NULL, 1, '2017-11-01 22:11:02'),
	(268, '2017-11-01 22:11:18', 36, 0, 400.00, '2017-09-01', 'admin', NULL, 1, '2017-11-01 22:11:18'),
	(269, '2017-11-01 22:11:26', 36, 0, 400.00, '2017-10-01', 'admin', NULL, 1, '2017-11-01 22:11:26'),
	(270, '2017-11-15 23:21:00', 36, 0, 400.00, '2017-11-01', 'admin', NULL, 1, '2017-11-15 23:21:00'),
	(272, '2017-11-01 21:41:22', 37, 0, 400.00, '2017-04-01', 'admin', NULL, 1, '2017-11-01 21:41:22'),
	(273, '2017-11-01 21:41:31', 37, 0, 400.00, '2017-05-01', 'admin', NULL, 1, '2017-11-01 21:41:31'),
	(274, '2017-11-01 21:41:47', 37, 0, 400.00, '2017-06-01', 'admin', NULL, 1, '2017-11-01 21:41:47'),
	(281, '2017-11-01 21:40:35', 38, 0, 400.00, '2017-04-01', 'admin', NULL, 1, '2017-11-01 21:40:35'),
	(289, '2017-10-31 21:57:54', 39, 0, 400.00, '2017-03-01', 'admin', NULL, 1, '2017-10-31 21:57:54'),
	(290, '2017-11-01 21:18:56', 39, 0, 400.00, '2017-04-01', 'admin', NULL, 1, '2017-11-01 21:18:56'),
	(298, '2017-11-01 22:24:03', 40, 0, 400.00, '2017-03-01', 'admin', NULL, 1, '2017-11-01 22:24:03'),
	(299, '2017-11-01 22:24:10', 40, 0, 400.00, '2017-04-01', 'admin', NULL, 1, '2017-11-01 22:24:10'),
	(300, '2017-11-01 22:24:17', 40, 0, 400.00, '2017-05-01', 'admin', NULL, 1, '2017-11-01 22:24:17'),
	(301, '2017-11-01 22:24:25', 40, 0, 400.00, '2017-06-01', 'admin', NULL, 1, '2017-11-01 22:24:25'),
	(302, '2017-11-01 22:24:31', 40, 0, 400.00, '2017-07-01', 'admin', NULL, 1, '2017-11-01 22:24:31'),
	(307, '2017-11-15 23:42:38', 41, 0, 400.00, '2017-03-01', 'admin', NULL, 1, '2017-11-15 23:42:38'),
	(316, '2017-11-01 22:12:45', 42, 0, 400.00, '2017-03-01', 'admin', NULL, 1, '2017-11-01 22:12:45'),
	(317, '2017-11-01 22:14:10', 42, 0, 400.00, '2017-04-01', 'admin', NULL, 1, '2017-11-01 22:14:10'),
	(318, '2017-11-01 22:14:37', 42, 0, 400.00, '2017-05-01', 'admin', NULL, 1, '2017-11-01 22:14:37'),
	(325, '2017-11-01 22:15:00', 43, 0, 400.00, '2017-03-01', 'admin', NULL, 1, '2017-11-01 22:15:00'),
	(326, '2017-11-01 22:15:16', 43, 0, 400.00, '2017-04-01', 'admin', NULL, 1, '2017-11-01 22:15:16'),
	(327, '2017-11-01 22:15:26', 43, 0, 400.00, '2017-05-01', 'admin', NULL, 1, '2017-11-01 22:15:26'),
	(328, '2017-11-01 22:15:39', 43, 0, 400.00, '2017-06-01', 'admin', NULL, 1, '2017-11-01 22:15:39'),
	(334, '2017-11-01 22:17:59', 44, 0, 400.00, '2017-03-01', 'admin', NULL, 1, '2017-11-01 22:17:59'),
	(335, '2017-11-01 22:18:07', 44, 0, 400.00, '2017-04-01', 'admin', NULL, 1, '2017-11-01 22:18:07'),
	(336, '2017-11-01 22:18:15', 44, 0, 400.00, '2017-05-01', 'admin', NULL, 1, '2017-11-01 22:18:15'),
	(337, '2017-11-01 22:18:24', 44, 0, 400.00, '2017-06-01', 'admin', NULL, 1, '2017-11-01 22:18:24'),
	(338, '2017-11-01 22:18:32', 44, 0, 400.00, '2017-07-01', 'admin', NULL, 1, '2017-11-01 22:18:32'),
	(343, '2017-11-01 22:16:03', 45, 0, 400.00, '2017-03-01', 'admin', NULL, 1, '2017-11-01 22:16:03'),
	(344, '2017-11-01 22:16:13', 45, 0, 400.00, '2017-04-01', 'admin', NULL, 1, '2017-11-01 22:16:13'),
	(345, '2017-11-01 22:16:28', 45, 0, 400.00, '2017-05-01', 'admin', NULL, 1, '2017-11-01 22:16:28'),
	(346, '2017-11-01 22:16:36', 45, 0, 400.00, '2017-06-01', 'admin', NULL, 1, '2017-11-01 22:16:36'),
	(347, '2017-11-01 22:16:52', 45, 0, 400.00, '2017-07-01', 'admin', NULL, 1, '2017-11-01 22:16:52'),
	(352, '2017-11-01 22:17:10', 46, 0, 400.00, '2017-03-01', 'admin', NULL, 1, '2017-11-01 22:17:10'),
	(353, '2017-11-01 22:17:16', 46, 0, 400.00, '2017-04-01', 'admin', NULL, 1, '2017-11-01 22:17:16'),
	(354, '2017-11-01 22:17:24', 46, 0, 400.00, '2017-05-01', 'admin', NULL, 1, '2017-11-01 22:17:24'),
	(355, '2017-11-01 22:17:32', 46, 0, 400.00, '2017-06-01', 'admin', NULL, 1, '2017-11-01 22:17:32'),
	(356, '2017-11-01 22:17:39', 46, 0, 400.00, '2017-07-01', 'admin', NULL, 1, '2017-11-01 22:17:39'),
	(361, '2017-11-01 22:24:58', 47, 0, 400.00, '2017-03-01', 'admin', NULL, 1, '2017-11-01 22:24:58'),
	(362, '2017-11-01 22:25:05', 47, 0, 400.00, '2017-04-01', 'admin', NULL, 1, '2017-11-01 22:25:05'),
	(363, '2017-11-01 22:25:13', 47, 0, 400.00, '2017-05-01', 'admin', NULL, 1, '2017-11-01 22:25:13'),
	(364, '2017-11-01 22:25:30', 47, 0, 400.00, '2017-06-01', 'admin', NULL, 1, '2017-11-01 22:25:30'),
	(371, '2017-11-01 22:34:47', 48, 0, 400.00, '2017-04-01', 'admin', NULL, 1, '2017-11-01 22:34:47'),
	(372, '2017-11-01 22:34:55', 48, 0, 400.00, '2017-05-01', 'admin', NULL, 1, '2017-11-01 22:34:55'),
	(373, '2017-11-01 22:35:03', 48, 0, 400.00, '2017-06-01', 'admin', NULL, 1, '2017-11-01 22:35:03'),
	(374, '2017-11-01 22:35:14', 48, 0, 400.00, '2017-07-01', 'admin', NULL, 1, '2017-11-01 22:35:14'),
	(375, '2017-11-01 22:35:23', 48, 0, 400.00, '2017-08-01', 'admin', NULL, 1, '2017-11-01 22:35:23'),
	(376, '2017-11-01 22:35:31', 48, 0, 400.00, '2017-09-01', 'admin', NULL, 1, '2017-11-01 22:35:31'),
	(377, '2017-11-15 23:46:21', 48, 0, 400.00, '2017-10-01', 'admin', NULL, 1, '2017-11-15 23:46:21'),
	(379, '2017-11-02 23:42:32', 49, 0, 400.00, '2017-03-01', 'admin', NULL, 1, '2017-11-02 23:42:32'),
	(380, '2017-11-02 23:42:41', 49, 0, 400.00, '2017-04-01', 'admin', NULL, 1, '2017-11-02 23:42:41'),
	(381, '2017-11-02 23:42:49', 49, 0, 400.00, '2017-05-01', 'admin', NULL, 1, '2017-11-02 23:42:49'),
	(382, '2017-11-02 23:42:57', 49, 0, 400.00, '2017-06-01', 'admin', NULL, 1, '2017-11-02 23:42:57'),
	(383, '2017-11-02 23:43:07', 49, 0, 400.00, '2017-07-01', 'admin', NULL, 1, '2017-11-02 23:43:07'),
	(384, '2017-11-16 00:00:48', 49, 0, 400.00, '2017-08-01', 'admin', NULL, 1, '2017-11-16 00:00:48'),
	(385, '2017-11-16 00:01:04', 49, 0, 400.00, '2017-09-01', 'admin', NULL, 1, '2017-11-16 00:01:04'),
	(386, '2017-11-16 00:03:54', 49, 0, 400.00, '2017-10-01', 'admin', NULL, 1, '2017-11-16 00:03:54'),
	(388, '2017-11-02 23:39:41', 50, 0, 400.00, '2017-03-01', 'admin', NULL, 1, '2017-11-02 23:39:41'),
	(389, '2017-11-02 23:39:47', 50, 0, 400.00, '2017-04-01', 'admin', NULL, 1, '2017-11-02 23:39:47'),
	(390, '2017-11-02 23:39:54', 50, 0, 400.00, '2017-05-01', 'admin', NULL, 1, '2017-11-02 23:39:54'),
	(397, '2017-11-01 22:47:32', 51, 0, 400.00, '2017-03-01', 'admin', NULL, 1, '2017-11-01 22:47:32'),
	(398, '2017-11-01 22:47:44', 51, 0, 400.00, '2017-04-01', 'admin', NULL, 1, '2017-11-01 22:47:44'),
	(399, '2017-11-01 22:47:52', 51, 0, 400.00, '2017-05-01', 'admin', NULL, 1, '2017-11-01 22:47:52'),
	(400, '2017-11-01 22:47:59', 51, 0, 400.00, '2017-06-01', 'admin', NULL, 1, '2017-11-01 22:47:59'),
	(401, '2017-11-01 22:48:06', 51, 0, 400.00, '2017-07-01', 'admin', NULL, 1, '2017-11-01 22:48:06'),
	(402, '2017-11-01 22:48:24', 51, 0, 400.00, '2017-08-01', 'admin', NULL, 1, '2017-11-01 22:48:24'),
	(403, '2017-11-01 22:48:35', 51, 0, 400.00, '2017-09-01', 'admin', NULL, 1, '2017-11-01 22:48:35'),
	(404, '2017-11-01 22:48:41', 51, 0, 400.00, '2017-10-01', 'admin', NULL, 1, '2017-11-01 22:48:41'),
	(405, '2017-11-15 23:48:29', 51, 0, 400.00, '2017-11-01', 'admin', NULL, 1, '2017-11-15 23:48:29'),
	(406, '2017-11-01 22:58:00', 52, 0, 400.00, '2017-03-01', 'admin', NULL, 1, '2017-11-01 22:58:00'),
	(407, '2017-11-01 22:58:20', 52, 0, 400.00, '2017-04-01', 'admin', NULL, 1, '2017-11-01 22:58:20'),
	(408, '2017-11-01 22:58:27', 52, 0, 400.00, '2017-05-01', 'admin', NULL, 1, '2017-11-01 22:58:27'),
	(409, '2017-11-01 22:58:33', 52, 0, 400.00, '2017-06-01', 'admin', NULL, 1, '2017-11-01 22:58:33'),
	(410, '2017-11-01 22:58:49', 52, 0, 400.00, '2017-07-01', 'admin', NULL, 1, '2017-11-01 22:58:49'),
	(411, '2017-11-01 22:58:58', 52, 0, 400.00, '2017-08-01', 'admin', NULL, 1, '2017-11-01 22:58:58'),
	(412, '2017-11-01 22:59:05', 52, 0, 400.00, '2017-09-01', 'admin', NULL, 1, '2017-11-01 22:59:05'),
	(413, '2017-11-01 22:59:13', 52, 0, 400.00, '2017-10-01', 'admin', NULL, 1, '2017-11-01 22:59:13'),
	(414, '2017-11-15 23:52:04', 52, 0, 400.00, '2017-11-01', 'admin', NULL, 1, '2017-11-15 23:52:04'),
	(415, '2017-11-01 22:26:36', 53, 0, 400.00, '2017-03-01', 'admin', NULL, 1, '2017-11-01 22:26:36'),
	(416, '2017-11-01 22:26:42', 53, 0, 400.00, '2017-04-01', 'admin', NULL, 1, '2017-11-01 22:26:42'),
	(417, '2017-11-01 22:26:48', 53, 0, 400.00, '2017-05-01', 'admin', NULL, 1, '2017-11-01 22:26:48'),
	(418, '2017-11-01 22:26:54', 53, 0, 400.00, '2017-06-01', 'admin', NULL, 1, '2017-11-01 22:26:54'),
	(419, '2017-11-01 22:27:02', 53, 0, 400.00, '2017-07-01', 'admin', NULL, 1, '2017-11-01 22:27:02'),
	(420, '2017-11-01 22:27:15', 53, 0, 400.00, '2017-08-01', 'admin', NULL, 1, '2017-11-01 22:27:15'),
	(421, '2017-11-01 22:27:24', 53, 0, 400.00, '2017-09-01', 'admin', NULL, 1, '2017-11-01 22:27:24'),
	(422, '2017-11-01 22:27:31', 53, 0, 400.00, '2017-10-01', 'admin', NULL, 1, '2017-11-01 22:27:31'),
	(424, '2017-11-01 22:33:25', 54, 0, 400.00, '2017-03-01', 'admin', NULL, 1, '2017-11-01 22:33:25'),
	(425, '2017-11-01 22:33:32', 54, 0, 400.00, '2017-04-01', 'admin', NULL, 1, '2017-11-01 22:33:32'),
	(426, '2017-11-01 22:33:39', 54, 0, 400.00, '2017-05-01', 'admin', NULL, 1, '2017-11-01 22:33:39'),
	(427, '2017-11-01 22:33:46', 54, 0, 400.00, '2017-06-01', 'admin', NULL, 1, '2017-11-01 22:33:46'),
	(428, '2017-11-01 22:33:54', 54, 0, 400.00, '2017-07-01', 'admin', NULL, 1, '2017-11-01 22:33:54'),
	(429, '2017-11-01 22:34:10', 54, 0, 400.00, '2017-08-01', 'admin', NULL, 1, '2017-11-01 22:34:10'),
	(430, '2017-11-01 22:34:18', 54, 0, 400.00, '2017-09-01', 'admin', NULL, 1, '2017-11-01 22:34:18'),
	(431, '2017-11-01 22:34:26', 54, 0, 400.00, '2017-10-01', 'admin', NULL, 1, '2017-11-01 22:34:26'),
	(432, '2017-11-15 23:45:09', 54, 0, 400.00, '2017-11-01', 'admin', NULL, 1, '2017-11-15 23:45:09'),
	(433, '2017-11-01 22:52:13', 55, 0, 400.00, '2017-03-01', 'admin', NULL, 1, '2017-11-01 22:52:13'),
	(434, '2017-11-01 22:52:29', 55, 0, 400.00, '2017-04-01', 'admin', NULL, 1, '2017-11-01 22:52:29'),
	(435, '2017-11-01 22:52:41', 55, 0, 400.00, '2017-05-01', 'admin', NULL, 1, '2017-11-01 22:52:41'),
	(436, '2017-11-01 22:52:47', 55, 0, 400.00, '2017-06-01', 'admin', NULL, 1, '2017-11-01 22:52:47'),
	(437, '2017-11-01 22:52:54', 55, 0, 400.00, '2017-07-01', 'admin', NULL, 1, '2017-11-01 22:52:54'),
	(438, '2017-11-01 22:53:03', 55, 0, 400.00, '2017-08-01', 'admin', NULL, 1, '2017-11-01 22:53:03'),
	(439, '2017-11-01 22:53:29', 55, 0, 400.00, '2017-09-01', 'admin', NULL, 1, '2017-11-01 22:53:29'),
	(440, '2017-11-01 22:53:40', 55, 0, 400.00, '2017-10-01', 'admin', NULL, 1, '2017-11-01 22:53:40'),
	(442, '2017-11-01 22:56:35', 56, 0, 400.00, '2017-03-01', 'admin', NULL, 1, '2017-11-01 22:56:35'),
	(443, '2017-11-01 22:56:46', 56, 0, 400.00, '2017-04-01', 'admin', NULL, 1, '2017-11-01 22:56:46'),
	(444, '2017-11-01 22:56:55', 56, 0, 400.00, '2017-05-01', 'admin', NULL, 1, '2017-11-01 22:56:55'),
	(445, '2017-11-01 22:57:06', 56, 0, 400.00, '2017-06-01', 'admin', NULL, 1, '2017-11-01 22:57:06'),
	(446, '2017-11-01 22:57:18', 56, 0, 400.00, '2017-07-01', 'admin', NULL, 1, '2017-11-01 22:57:18'),
	(447, '2017-11-01 22:57:24', 56, 0, 400.00, '2017-08-01', 'admin', NULL, 1, '2017-11-01 22:57:24'),
	(451, '2017-11-02 23:40:09', 57, 0, 400.00, '2017-03-01', 'admin', NULL, 1, '2017-11-02 23:40:09'),
	(452, '2017-11-02 23:40:14', 57, 0, 400.00, '2017-04-01', 'admin', NULL, 1, '2017-11-02 23:40:14'),
	(453, '2017-11-02 23:40:21', 57, 0, 400.00, '2017-05-01', 'admin', NULL, 1, '2017-11-02 23:40:21'),
	(454, '2017-11-02 23:40:26', 57, 0, 400.00, '2017-06-01', 'admin', NULL, 1, '2017-11-02 23:40:26'),
	(455, '2017-11-02 23:40:33', 57, 0, 400.00, '2017-07-01', 'admin', NULL, 1, '2017-11-02 23:40:33'),
	(456, '2017-11-02 23:40:45', 57, 0, 400.00, '2017-08-01', 'admin', NULL, 1, '2017-11-02 23:40:45'),
	(457, '2017-11-02 23:40:52', 57, 0, 400.00, '2017-09-01', 'admin', NULL, 1, '2017-11-02 23:40:52'),
	(458, '2017-11-02 23:40:58', 57, 0, 400.00, '2017-10-01', 'admin', NULL, 1, '2017-11-02 23:40:58'),
	(460, '2017-11-02 23:41:12', 58, 0, 400.00, '2017-03-01', 'admin', NULL, 1, '2017-11-02 23:41:12'),
	(461, '2017-11-02 23:41:18', 58, 0, 400.00, '2017-04-01', 'admin', NULL, 1, '2017-11-02 23:41:18'),
	(462, '2017-11-02 23:41:29', 58, 0, 400.00, '2017-05-01', 'admin', NULL, 1, '2017-11-02 23:41:29'),
	(463, '2017-11-02 23:41:36', 58, 0, 400.00, '2017-06-01', 'admin', NULL, 1, '2017-11-02 23:41:36'),
	(464, '2017-11-02 23:41:41', 58, 0, 400.00, '2017-07-01', 'admin', NULL, 1, '2017-11-02 23:41:41'),
	(465, '2017-11-02 23:41:47', 58, 0, 400.00, '2017-08-01', 'admin', NULL, 1, '2017-11-02 23:41:47'),
	(466, '2017-11-02 23:41:53', 58, 0, 400.00, '2017-09-01', 'admin', NULL, 1, '2017-11-02 23:41:53'),
	(467, '2017-11-02 23:42:00', 58, 0, 400.00, '2017-10-01', 'admin', NULL, 1, '2017-11-02 23:42:00'),
	(469, '2017-11-01 22:49:09', 59, 0, 400.00, '2017-03-01', 'admin', NULL, 1, '2017-11-01 22:49:09'),
	(470, '2017-11-01 22:49:16', 59, 0, 400.00, '2017-04-01', 'admin', NULL, 1, '2017-11-01 22:49:16'),
	(471, '2017-11-01 22:49:22', 59, 0, 400.00, '2017-05-01', 'admin', NULL, 1, '2017-11-01 22:49:22'),
	(472, '2017-11-01 22:49:28', 59, 0, 400.00, '2017-06-01', 'admin', NULL, 1, '2017-11-01 22:49:28'),
	(473, '2017-11-01 22:51:12', 59, 0, 400.00, '2017-07-01', 'admin', NULL, 1, '2017-11-01 22:51:12'),
	(474, '2017-11-01 22:51:22', 59, 0, 400.00, '2017-08-01', 'admin', NULL, 1, '2017-11-01 22:51:22'),
	(475, '2017-11-01 22:51:37', 59, 0, 400.00, '2017-09-01', 'admin', NULL, 1, '2017-11-01 22:51:37'),
	(476, '2017-11-01 22:51:43', 59, 0, 400.00, '2017-10-01', 'admin', NULL, 1, '2017-11-01 22:51:43'),
	(477, '2017-11-15 23:49:13', 59, 0, 400.00, '2017-11-01', 'admin', NULL, 1, '2017-11-15 23:49:13'),
	(478, '2017-11-02 23:38:24', 60, 0, 400.00, '2017-03-01', 'admin', NULL, 1, '2017-11-02 23:38:24'),
	(479, '2017-11-02 23:38:37', 60, 0, 400.00, '2017-04-01', 'admin', NULL, 1, '2017-11-02 23:38:37'),
	(480, '2017-11-02 23:38:44', 60, 0, 400.00, '2017-05-01', 'admin', NULL, 1, '2017-11-02 23:38:44'),
	(481, '2017-11-02 23:38:50', 60, 0, 400.00, '2017-06-01', 'admin', NULL, 1, '2017-11-02 23:38:50'),
	(482, '2017-11-02 23:38:59', 60, 0, 400.00, '2017-07-01', 'admin', NULL, 1, '2017-11-02 23:38:59'),
	(483, '2017-11-02 23:39:06', 60, 0, 400.00, '2017-08-01', 'admin', NULL, 1, '2017-11-02 23:39:06'),
	(484, '2017-11-02 23:39:14', 60, 0, 400.00, '2017-09-01', 'admin', NULL, 1, '2017-11-02 23:39:14'),
	(485, '2017-11-02 23:39:22', 60, 0, 400.00, '2017-10-01', 'admin', NULL, 1, '2017-11-02 23:39:22'),
	(486, '2017-11-15 23:53:09', 60, 0, 400.00, '2017-11-01', 'admin', NULL, 1, '2017-11-15 23:53:09'),
	(487, '2017-11-02 23:44:38', 61, 0, 400.00, '2017-03-01', 'admin', NULL, 1, '2017-11-02 23:44:38'),
	(488, '2017-11-02 23:44:46', 61, 0, 400.00, '2017-04-01', 'admin', NULL, 1, '2017-11-02 23:44:46'),
	(489, '2017-11-02 23:44:53', 61, 0, 400.00, '2017-05-01', 'admin', NULL, 1, '2017-11-02 23:44:53'),
	(490, '2017-11-02 23:45:22', 61, 0, 400.00, '2017-06-01', 'admin', NULL, 1, '2017-11-02 23:45:22'),
	(491, '2017-11-02 23:45:35', 61, 0, 400.00, '2017-07-01', 'admin', NULL, 1, '2017-11-02 23:45:35'),
	(492, '2017-11-02 23:45:45', 61, 0, 400.00, '2017-08-01', 'admin', NULL, 1, '2017-11-02 23:45:45'),
	(493, '2017-11-02 23:45:55', 61, 0, 400.00, '2017-09-01', 'admin', NULL, 1, '2017-11-02 23:45:55'),
	(496, '2017-11-02 23:43:22', 62, 0, 400.00, '2017-03-01', 'admin', NULL, 1, '2017-11-02 23:43:22'),
	(497, '2017-11-02 23:43:30', 62, 0, 400.00, '2017-04-01', 'admin', NULL, 1, '2017-11-02 23:43:30'),
	(498, '2017-11-02 23:43:37', 62, 0, 400.00, '2017-05-01', 'admin', NULL, 1, '2017-11-02 23:43:37'),
	(499, '2017-11-02 23:43:44', 62, 0, 400.00, '2017-06-01', 'admin', NULL, 1, '2017-11-02 23:43:44'),
	(500, '2017-11-02 23:43:50', 62, 0, 400.00, '2017-07-01', 'admin', NULL, 1, '2017-11-02 23:43:50'),
	(501, '2017-11-02 23:43:56', 62, 0, 400.00, '2017-08-01', 'admin', NULL, 1, '2017-11-02 23:43:56'),
	(502, '2017-11-02 23:44:03', 62, 0, 400.00, '2017-09-01', 'admin', NULL, 1, '2017-11-02 23:44:03'),
	(503, '2017-11-02 23:44:14', 62, 0, 400.00, '2017-10-01', 'admin', NULL, 1, '2017-11-02 23:44:14'),
	(504, '2017-11-16 21:59:59', 62, 0, 400.00, '2017-11-01', 'admin', NULL, 1, '2017-11-16 21:59:59'),
	(514, '2017-11-02 23:46:43', 64, 0, 400.00, '2017-03-01', 'admin', NULL, 1, '2017-11-02 23:46:43'),
	(515, '2017-11-02 23:46:51', 64, 0, 400.00, '2017-04-01', 'admin', NULL, 1, '2017-11-02 23:46:51'),
	(516, '2017-11-02 23:46:57', 64, 0, 400.00, '2017-05-01', 'admin', NULL, 1, '2017-11-02 23:46:57'),
	(517, '2017-11-02 23:51:36', 64, 0, 400.00, '2017-06-01', 'admin', NULL, 1, '2017-11-02 23:51:36'),
	(518, '2017-11-02 23:51:43', 64, 0, 400.00, '2017-07-01', 'admin', NULL, 1, '2017-11-02 23:51:43'),
	(519, '2017-11-02 23:51:51', 64, 0, 400.00, '2017-08-01', 'admin', NULL, 1, '2017-11-02 23:51:51'),
	(520, '2017-11-02 23:51:59', 64, 0, 400.00, '2017-09-01', 'admin', NULL, 1, '2017-11-02 23:51:59'),
	(523, '2017-11-01 22:35:49', 65, 0, 400.00, '2017-03-01', 'admin', NULL, 1, '2017-11-01 22:35:49'),
	(524, '2017-11-01 22:36:25', 65, 0, 400.00, '2017-04-01', 'admin', NULL, 1, '2017-11-01 22:36:25'),
	(525, '2017-11-01 22:36:31', 65, 0, 400.00, '2017-05-01', 'admin', NULL, 1, '2017-11-01 22:36:31'),
	(526, '2017-11-01 22:36:38', 65, 0, 400.00, '2017-06-01', 'admin', NULL, 1, '2017-11-01 22:36:38'),
	(527, '2017-11-01 22:36:49', 65, 0, 400.00, '2017-07-01', 'admin', NULL, 1, '2017-11-01 22:36:49'),
	(528, '2017-11-01 22:37:44', 65, 0, 400.00, '2017-08-01', 'admin', NULL, 1, '2017-11-01 22:37:44'),
	(529, '2017-11-01 22:38:35', 65, 0, 400.00, '2017-09-01', 'admin', NULL, 1, '2017-11-01 22:38:35'),
	(530, '2017-11-01 22:38:43', 65, 0, 400.00, '2017-10-01', 'admin', NULL, 1, '2017-11-01 22:38:43'),
	(531, '2017-11-15 23:47:26', 65, 0, 400.00, '2017-11-01', 'admin', NULL, 1, '2017-11-15 23:47:26'),
	(532, '2017-11-03 00:13:30', 66, 0, 400.00, '2017-03-01', 'admin', NULL, 1, '2017-11-03 00:13:30'),
	(533, '2017-11-03 00:13:47', 66, 0, 400.00, '2017-04-01', 'admin', NULL, 1, '2017-11-03 00:13:47'),
	(534, '2017-11-03 00:13:53', 66, 0, 400.00, '2017-05-01', 'admin', NULL, 1, '2017-11-03 00:13:53'),
	(535, '2017-11-03 00:13:58', 66, 0, 400.00, '2017-06-01', 'admin', NULL, 1, '2017-11-03 00:13:58'),
	(536, '2017-11-03 00:14:04', 66, 0, 400.00, '2017-07-01', 'admin', NULL, 1, '2017-11-03 00:14:04'),
	(537, '2017-11-03 00:14:09', 66, 0, 400.00, '2017-08-01', 'admin', NULL, 1, '2017-11-03 00:14:09'),
	(538, '2017-11-03 00:14:14', 66, 0, 400.00, '2017-09-01', 'admin', NULL, 1, '2017-11-03 00:14:14'),
	(539, '2017-11-03 00:14:20', 66, 0, 400.00, '2017-10-01', 'admin', NULL, 1, '2017-11-03 00:14:20'),
	(540, '2017-11-16 22:01:58', 66, 0, 400.00, '2017-11-01', 'admin', NULL, 1, '2017-11-16 22:01:58'),
	(541, '2017-11-03 00:08:45', 67, 0, 400.00, '2017-03-01', 'admin', NULL, 1, '2017-11-03 00:08:45'),
	(542, '2017-11-03 00:08:54', 67, 0, 400.00, '2017-04-01', 'admin', NULL, 1, '2017-11-03 00:08:54'),
	(543, '2017-11-03 00:09:03', 67, 0, 400.00, '2017-05-01', 'admin', NULL, 1, '2017-11-03 00:09:03'),
	(544, '2017-11-03 00:09:10', 67, 0, 400.00, '2017-06-01', 'admin', NULL, 1, '2017-11-03 00:09:10'),
	(545, '2017-11-03 00:09:17', 67, 0, 400.00, '2017-07-01', 'admin', NULL, 1, '2017-11-03 00:09:17'),
	(546, '2017-11-03 00:09:25', 67, 0, 400.00, '2017-08-01', 'admin', NULL, 1, '2017-11-03 00:09:25'),
	(547, '2017-11-03 00:09:38', 67, 0, 400.00, '2017-09-01', 'admin', NULL, 1, '2017-11-03 00:09:38'),
	(548, '2017-11-16 22:01:02', 67, 0, 400.00, '2017-10-01', 'admin', NULL, 1, '2017-11-16 22:01:02'),
	(549, '2017-11-16 22:01:12', 67, 0, 400.00, '2017-11-01', 'admin', NULL, 1, '2017-11-16 22:01:12'),
	(559, '2017-06-02 20:01:10', 69, 0, 400.00, '2017-03-01', 'admin', NULL, 1, NULL),
	(568, '2017-11-03 00:06:47', 70, 0, 400.00, '2017-03-01', 'admin', NULL, 1, '2017-11-03 00:06:47'),
	(569, '2017-11-03 00:06:54', 70, 0, 400.00, '2017-04-01', 'admin', NULL, 1, '2017-11-03 00:06:54'),
	(570, '2017-11-03 00:07:00', 70, 0, 400.00, '2017-05-01', 'admin', NULL, 1, '2017-11-03 00:07:00'),
	(571, '2017-11-03 00:07:07', 70, 0, 400.00, '2017-06-01', 'admin', NULL, 1, '2017-11-03 00:07:07'),
	(572, '2017-11-03 00:07:13', 70, 0, 400.00, '2017-07-01', 'admin', NULL, 1, '2017-11-03 00:07:13'),
	(573, '2017-11-03 00:07:20', 70, 0, 400.00, '2017-08-01', 'admin', NULL, 1, '2017-11-03 00:07:20'),
	(574, '2017-11-03 00:07:39', 70, 0, 400.00, '2017-09-01', 'admin', NULL, 1, '2017-11-03 00:07:39'),
	(575, '2017-11-03 00:07:45', 70, 0, 400.00, '2017-10-01', 'admin', NULL, 1, '2017-11-03 00:07:45'),
	(577, '2017-11-03 00:03:17', 71, 0, 400.00, '2017-03-01', 'admin', NULL, 1, '2017-11-03 00:03:17'),
	(578, '2017-11-03 00:04:14', 71, 0, 400.00, '2017-04-01', 'admin', NULL, 1, '2017-11-03 00:04:14'),
	(579, '2017-11-03 00:04:30', 71, 0, 400.00, '2017-05-01', 'admin', NULL, 1, '2017-11-03 00:04:30'),
	(580, '2017-11-03 00:04:37', 71, 0, 400.00, '2017-06-01', 'admin', NULL, 1, '2017-11-03 00:04:37'),
	(581, '2017-11-03 00:04:43', 71, 0, 400.00, '2017-07-01', 'admin', NULL, 1, '2017-11-03 00:04:43'),
	(582, '2017-11-03 00:05:22', 71, 0, 400.00, '2017-08-01', 'admin', NULL, 1, '2017-11-03 00:05:22'),
	(583, '2017-11-03 00:05:31', 71, 0, 400.00, '2017-09-01', 'admin', NULL, 1, '2017-11-03 00:05:31'),
	(584, '2017-11-03 00:05:59', 71, 0, 400.00, '2017-10-01', 'admin', NULL, 1, '2017-11-03 00:05:59'),
	(585, '2017-11-16 22:00:20', 71, 0, 400.00, '2017-11-01', 'admin', NULL, 1, '2017-11-16 22:00:20'),
	(586, '2017-11-03 00:10:03', 75, 1, 400.00, '2017-03-01', 'admin', NULL, 1, '2017-11-03 00:10:03'),
	(587, '2017-11-03 00:10:19', 75, 1, 400.00, '2017-04-01', 'admin', NULL, 1, '2017-11-03 00:10:19'),
	(588, '2017-11-03 00:10:51', 75, 1, 400.00, '2017-05-01', 'admin', NULL, 1, '2017-11-03 00:10:51'),
	(589, '2017-11-03 00:11:06', 75, 1, 400.00, '2017-06-01', 'admin', NULL, 1, '2017-11-03 00:11:06'),
	(590, '2017-11-03 00:11:19', 75, 1, 400.00, '2017-07-01', 'admin', NULL, 1, '2017-11-03 00:11:19'),
	(591, '2017-11-03 00:11:25', 75, 1, 400.00, '2017-08-01', 'admin', NULL, 1, '2017-11-03 00:11:25'),
	(592, '2017-11-03 00:11:30', 75, 1, 400.00, '2017-09-01', 'admin', NULL, 1, '2017-11-03 00:11:30'),
	(593, '2017-11-03 00:11:39', 75, 1, 400.00, '2017-10-01', 'admin', NULL, 1, '2017-11-03 00:11:39'),
	(594, '2017-11-16 22:01:39', 75, 1, 400.00, '2017-11-01', 'admin', NULL, 1, '2017-11-16 22:01:39'),
	(595, '2017-11-03 00:12:00', 76, 0, 400.00, '2017-03-01', 'admin', NULL, 1, '2017-11-03 00:12:00'),
	(596, '2017-11-03 00:12:06', 76, 0, 400.00, '2017-04-01', 'admin', NULL, 1, '2017-11-03 00:12:06'),
	(597, '2017-11-03 00:12:24', 76, 0, 400.00, '2017-05-01', 'admin', NULL, 1, '2017-11-03 00:12:24'),
	(598, '2017-11-03 00:12:31', 76, 0, 400.00, '2017-06-01', 'admin', NULL, 1, '2017-11-03 00:12:31'),
	(599, '2017-11-03 00:12:39', 76, 0, 400.00, '2017-07-01', 'admin', NULL, 1, '2017-11-03 00:12:39'),
	(600, '2017-11-03 00:12:47', 76, 0, 400.00, '2017-08-01', 'admin', NULL, 1, '2017-11-03 00:12:47'),
	(601, '2017-11-03 00:12:56', 76, 0, 400.00, '2017-09-01', 'admin', NULL, 1, '2017-11-03 00:12:56'),
	(602, '2017-11-03 00:13:06', 76, 0, 400.00, '2017-10-01', 'admin', NULL, 1, '2017-11-03 00:13:06'),
	(605, '2017-06-02 20:01:13', 2, 0, 400.00, '2017-04-01', 'admin', NULL, 1, NULL),
	(606, '2017-11-16 22:11:23', 2, 0, 400.00, '2017-05-01', 'admin', NULL, 1, '2017-11-16 22:11:23'),
	(607, '2017-11-16 22:11:35', 2, 0, 400.00, '2017-06-01', 'admin', NULL, 1, '2017-11-16 22:11:35'),
	(608, '2017-11-16 22:11:52', 2, 0, 400.00, '2017-07-01', 'admin', NULL, 1, '2017-11-16 22:11:52'),
	(609, '2017-11-16 22:12:07', 2, 0, 400.00, '2017-08-01', 'admin', NULL, 1, '2017-11-16 22:12:07'),
	(614, '2017-11-16 22:12:30', 3, 0, 400.00, '2017-04-01', 'admin', NULL, 1, '2017-11-16 22:12:30'),
	(615, '2017-11-16 22:12:37', 3, 0, 400.00, '2017-05-01', 'admin', NULL, 1, '2017-11-16 22:12:37'),
	(616, '2017-11-16 22:12:47', 3, 0, 400.00, '2017-06-01', 'admin', NULL, 1, '2017-11-16 22:12:47'),
	(617, '2017-11-16 22:12:54', 3, 0, 400.00, '2017-07-01', 'admin', NULL, 1, '2017-11-16 22:12:54'),
	(618, '2017-11-16 22:13:02', 3, 0, 400.00, '2017-08-01', 'admin', NULL, 1, '2017-11-16 22:13:02'),
	(619, '2017-11-16 22:13:08', 3, 0, 400.00, '2017-09-01', 'admin', NULL, 1, '2017-11-16 22:13:08'),
	(620, '2017-11-16 22:13:15', 3, 0, 400.00, '2017-10-01', 'admin', NULL, 1, '2017-11-16 22:13:15'),
	(640, '2017-11-16 22:09:14', 6, 0, 400.00, '2017-03-01', 'admin', NULL, 1, '2017-11-16 22:09:14'),
	(641, '2017-11-16 22:09:23', 6, 0, 400.00, '2017-04-01', 'admin', NULL, 1, '2017-11-16 22:09:23'),
	(642, '2017-11-16 22:09:58', 6, 0, 400.00, '2017-05-01', 'admin', NULL, 1, '2017-11-16 22:09:58'),
	(643, '2017-11-16 22:10:06', 6, 0, 400.00, '2017-06-01', 'admin', NULL, 1, '2017-11-16 22:10:06'),
	(644, '2017-11-16 22:10:15', 6, 0, 400.00, '2017-07-01', 'admin', NULL, 1, '2017-11-16 22:10:15'),
	(645, '2017-11-16 22:10:25', 6, 0, 400.00, '2017-08-01', 'admin', NULL, 1, '2017-11-16 22:10:25'),
	(646, '2017-11-16 22:10:34', 6, 0, 400.00, '2017-09-01', 'admin', NULL, 1, '2017-11-16 22:10:34'),
	(647, '2017-11-16 22:10:43', 6, 0, 400.00, '2017-10-01', 'admin', NULL, 1, '2017-11-16 22:10:43'),
	(649, '2017-11-16 22:17:53', 78, 0, 400.00, '2017-03-01', 'admin', NULL, 1, '2017-11-16 22:17:53'),
	(650, '2017-11-16 22:17:59', 78, 0, 400.00, '2017-04-01', 'admin', NULL, 1, '2017-11-16 22:17:59'),
	(651, '2017-11-16 22:18:05', 78, 0, 400.00, '2017-05-01', 'admin', NULL, 1, '2017-11-16 22:18:05'),
	(652, '2017-11-16 22:18:10', 78, 0, 400.00, '2017-06-01', 'admin', NULL, 1, '2017-11-16 22:18:10'),
	(653, '2017-11-16 22:18:18', 78, 0, 400.00, '2017-07-01', 'admin', NULL, 1, '2017-11-16 22:18:18'),
	(654, '2017-11-16 22:18:25', 78, 0, 400.00, '2017-08-01', 'admin', NULL, 1, '2017-11-16 22:18:25'),
	(655, '2017-11-16 22:18:31', 78, 0, 400.00, '2017-09-01', 'admin', NULL, 1, '2017-11-16 22:18:31'),
	(656, '2017-11-16 22:18:39', 78, 0, 400.00, '2017-10-01', 'admin', NULL, 1, '2017-11-16 22:18:39'),
	(658, '2017-11-16 22:17:03', 79, 0, 400.00, '2017-03-01', 'admin', NULL, 1, '2017-11-16 22:17:03'),
	(659, '2017-11-16 22:17:10', 79, 0, 400.00, '2017-04-01', 'admin', NULL, 1, '2017-11-16 22:17:10'),
	(660, '2017-11-16 22:17:17', 79, 0, 400.00, '2017-05-01', 'admin', NULL, 1, '2017-11-16 22:17:17'),
	(661, '2017-11-16 22:17:26', 79, 0, 400.00, '2017-06-01', 'admin', NULL, 1, '2017-11-16 22:17:26'),
	(667, '2017-11-16 22:15:50', 80, 0, 400.00, '2017-03-01', 'admin', NULL, 1, '2017-11-16 22:15:50'),
	(668, '2017-11-16 22:15:57', 80, 0, 400.00, '2017-04-01', 'admin', NULL, 1, '2017-11-16 22:15:57'),
	(669, '2017-11-16 22:16:03', 80, 0, 400.00, '2017-05-01', 'admin', NULL, 1, '2017-11-16 22:16:03'),
	(670, '2017-11-16 22:16:09', 80, 0, 400.00, '2017-06-01', 'admin', NULL, 1, '2017-11-16 22:16:09'),
	(671, '2017-11-16 22:16:19', 80, 0, 400.00, '2017-07-01', 'admin', NULL, 1, '2017-11-16 22:16:19'),
	(672, '2017-11-16 22:16:29', 80, 0, 400.00, '2017-08-01', 'admin', NULL, 1, '2017-11-16 22:16:29'),
	(673, '2017-11-16 22:16:36', 80, 0, 400.00, '2017-09-01', 'admin', NULL, 1, '2017-11-16 22:16:36'),
	(674, '2017-11-16 22:16:46', 80, 0, 400.00, '2017-10-01', 'admin', NULL, 1, '2017-11-16 22:16:46'),
	(676, '2017-11-16 22:07:36', 81, 0, 400.00, '2017-03-01', 'admin', NULL, 1, '2017-11-16 22:07:36'),
	(677, '2017-11-16 22:07:45', 81, 0, 400.00, '2017-04-01', 'admin', NULL, 1, '2017-11-16 22:07:45'),
	(678, '2017-11-16 22:07:56', 81, 0, 400.00, '2017-05-01', 'admin', NULL, 1, '2017-11-16 22:07:56'),
	(679, '2017-11-16 22:08:05', 81, 0, 400.00, '2017-06-01', 'admin', NULL, 1, '2017-11-16 22:08:05'),
	(680, '2017-11-16 22:08:13', 81, 0, 400.00, '2017-07-01', 'admin', NULL, 1, '2017-11-16 22:08:13'),
	(681, '2017-11-16 22:08:22', 81, 0, 400.00, '2017-08-01', 'admin', NULL, 1, '2017-11-16 22:08:22'),
	(682, '2017-11-16 22:08:31', 81, 0, 400.00, '2017-09-01', 'admin', NULL, 1, '2017-11-16 22:08:31'),
	(683, '2017-11-16 22:08:39', 81, 0, 400.00, '2017-10-01', 'admin', NULL, 1, '2017-11-16 22:08:39'),
	(684, '2017-11-16 22:08:50', 81, 0, 400.00, '2017-11-01', 'admin', NULL, 1, '2017-11-16 22:08:50'),
	(695, '2017-11-16 22:14:36', 83, 0, 400.00, '2017-04-01', 'admin', NULL, 1, '2017-11-16 22:14:36'),
	(696, '2017-11-16 22:14:52', 83, 0, 400.00, '2017-05-01', 'admin', NULL, 1, '2017-11-16 22:14:52'),
	(703, '2017-11-16 22:27:45', 84, 0, 400.00, '2017-03-01', 'admin', NULL, 1, '2017-11-16 22:27:45'),
	(704, '2017-11-16 22:28:06', 84, 0, 400.00, '2017-04-01', 'admin', NULL, 1, '2017-11-16 22:28:06'),
	(706, '2017-11-16 22:27:22', 84, 0, 400.00, '2017-06-01', 'admin', NULL, 1, '2017-11-16 22:27:22'),
	(707, '2017-11-16 22:27:35', 84, 0, 400.00, '2017-07-01', 'admin', NULL, 1, '2017-11-16 22:27:35'),
	(712, '2017-11-16 22:15:10', 85, 0, 400.00, '2017-03-01', 'admin', NULL, 1, '2017-11-16 22:15:10'),
	(713, '2017-11-16 22:15:20', 85, 0, 400.00, '2017-04-01', 'admin', NULL, 1, '2017-11-16 22:15:20'),
	(714, '2017-11-16 22:15:30', 85, 0, 400.00, '2017-05-01', 'admin', NULL, 1, '2017-11-16 22:15:30'),
	(865, '2017-11-16 23:03:28', 102, 0, 450.00, '2017-03-01', 'admin', NULL, 1, '2017-11-16 23:03:28'),
	(866, '2017-11-16 23:03:35', 102, 0, 450.00, '2017-04-01', 'admin', NULL, 1, '2017-11-16 23:03:35'),
	(867, '2017-11-16 23:03:43', 102, 0, 450.00, '2017-05-01', 'admin', NULL, 1, '2017-11-16 23:03:43'),
	(868, '2017-11-16 23:03:50', 102, 0, 450.00, '2017-06-01', 'admin', NULL, 1, '2017-11-16 23:03:50'),
	(869, '2017-11-16 23:03:56', 102, 0, 450.00, '2017-07-01', 'admin', NULL, 1, '2017-11-16 23:03:56'),
	(870, '2017-11-16 23:04:02', 102, 0, 450.00, '2017-08-01', 'admin', NULL, 1, '2017-11-16 23:04:02'),
	(871, '2017-11-16 23:04:28', 102, 0, 450.00, '2017-09-01', 'admin', NULL, 1, '2017-11-16 23:04:28'),
	(874, '2017-11-16 22:52:29', 103, 0, 450.00, '2017-03-01', 'admin', NULL, 1, '2017-11-16 22:52:29'),
	(875, '2017-11-16 22:52:52', 103, 0, 450.00, '2017-04-01', 'admin', NULL, 1, '2017-11-16 22:52:52'),
	(876, '2017-11-16 22:53:00', 103, 0, 450.00, '2017-05-01', 'admin', NULL, 1, '2017-11-16 22:53:00'),
	(877, '2017-11-16 22:53:08', 103, 0, 450.00, '2017-06-01', 'admin', NULL, 1, '2017-11-16 22:53:08'),
	(878, '2017-11-16 22:53:21', 103, 0, 450.00, '2017-07-01', 'admin', NULL, 1, '2017-11-16 22:53:21'),
	(879, '2017-11-16 22:53:27', 103, 0, 450.00, '2017-08-01', 'admin', NULL, 1, '2017-11-16 22:53:27'),
	(880, '2017-11-16 22:53:34', 103, 0, 450.00, '2017-09-01', 'admin', NULL, 1, '2017-11-16 22:53:34'),
	(881, '2017-11-16 22:53:44', 103, 0, 450.00, '2017-10-01', 'admin', NULL, 1, '2017-11-16 22:53:44'),
	(1000, '2017-11-01 21:39:11', 117, 0, 200.00, '2017-03-01', 'admin', NULL, 1, '2017-11-01 21:39:11'),
	(1001, '2017-11-01 21:39:23', 117, 0, 400.00, '2017-04-01', 'admin', NULL, 1, '2017-11-01 21:39:23'),
	(1036, '2017-11-16 22:58:32', 121, 0, 450.00, '2017-03-01', 'admin', NULL, 1, '2017-11-16 22:58:32'),
	(1037, '2017-11-16 22:58:39', 121, 0, 450.00, '2017-04-01', 'admin', NULL, 1, '2017-11-16 22:58:39'),
	(1038, '2017-11-16 22:58:46', 121, 0, 450.00, '2017-05-01', 'admin', NULL, 1, '2017-11-16 22:58:46'),
	(1039, '2017-11-16 22:58:55', 121, 0, 450.00, '2017-06-01', 'admin', NULL, 1, '2017-11-16 22:58:55'),
	(1040, '2017-11-16 22:59:03', 121, 0, 450.00, '2017-07-01', 'admin', NULL, 1, '2017-11-16 22:59:03'),
	(1041, '2017-11-16 22:59:12', 121, 0, 450.00, '2017-08-01', 'admin', NULL, 1, '2017-11-16 22:59:12'),
	(1042, '2017-11-16 22:59:32', 121, 0, 450.00, '2017-09-01', 'admin', NULL, 1, '2017-11-16 22:59:32'),
	(1054, '2017-11-16 23:01:55', 123, 0, 450.00, '2017-03-01', 'admin', NULL, 1, '2017-11-16 23:01:55'),
	(1055, '2017-11-16 23:02:02', 123, 0, 450.00, '2017-04-01', 'admin', NULL, 1, '2017-11-16 23:02:02'),
	(1056, '2017-11-16 23:02:09', 123, 0, 450.00, '2017-05-01', 'admin', NULL, 1, '2017-11-16 23:02:09'),
	(1057, '2017-11-16 23:02:16', 123, 0, 450.00, '2017-06-01', 'admin', NULL, 1, '2017-11-16 23:02:16'),
	(1058, '2017-11-16 23:02:36', 123, 0, 450.00, '2017-07-01', 'admin', NULL, 1, '2017-11-16 23:02:36'),
	(1059, '2017-11-16 23:02:51', 123, 0, 450.00, '2017-08-01', 'admin', NULL, 1, '2017-11-16 23:02:51'),
	(1060, '2017-11-16 23:03:01', 123, 0, 450.00, '2017-09-01', 'admin', NULL, 1, '2017-11-16 23:03:01'),
	(1061, '2017-11-16 23:03:08', 123, 0, 450.00, '2017-10-01', 'admin', NULL, 1, '2017-11-16 23:03:08'),
	(1072, '2017-11-16 23:00:05', 125, 0, 450.00, '2017-03-01', 'admin', NULL, 1, '2017-11-16 23:00:05'),
	(1073, '2017-11-16 23:00:15', 125, 0, 450.00, '2017-04-01', 'admin', NULL, 1, '2017-11-16 23:00:15'),
	(1074, '2017-11-16 23:00:22', 125, 0, 450.00, '2017-05-01', 'admin', NULL, 1, '2017-11-16 23:00:22'),
	(1075, '2017-11-16 23:01:25', 125, 0, 450.00, '2017-06-01', 'admin', NULL, 1, '2017-11-16 23:01:25'),
	(1076, '2017-11-16 23:01:36', 125, 0, 450.00, '2017-07-01', 'admin', NULL, 1, '2017-11-16 23:01:36'),
	(1099, '2017-11-16 22:54:04', 128, 0, 450.00, '2017-03-01', 'admin', NULL, 1, '2017-11-16 22:54:04'),
	(1100, '2017-11-16 22:54:14', 128, 0, 450.00, '2017-04-01', 'admin', NULL, 1, '2017-11-16 22:54:14'),
	(1101, '2017-11-16 22:54:20', 128, 0, 450.00, '2017-05-01', 'admin', NULL, 1, '2017-11-16 22:54:20'),
	(1102, '2017-11-16 22:54:28', 128, 0, 450.00, '2017-06-01', 'admin', NULL, 1, '2017-11-16 22:54:28'),
	(1103, '2017-11-16 22:54:36', 128, 0, 450.00, '2017-07-01', 'admin', NULL, 1, '2017-11-16 22:54:36'),
	(1104, '2017-11-16 22:54:43', 128, 0, 450.00, '2017-08-01', 'admin', NULL, 1, '2017-11-16 22:54:43'),
	(1108, '2017-11-16 22:56:13', 129, 0, 450.00, '2017-03-01', 'admin', NULL, 1, '2017-11-16 22:56:13'),
	(1109, '2017-11-16 22:56:20', 129, 0, 450.00, '2017-04-01', 'admin', NULL, 1, '2017-11-16 22:56:20'),
	(1110, '2017-11-16 22:56:30', 129, 0, 450.00, '2017-05-01', 'admin', NULL, 1, '2017-11-16 22:56:30'),
	(1111, '2017-11-16 22:56:39', 129, 0, 450.00, '2017-06-01', 'admin', NULL, 1, '2017-11-16 22:56:39'),
	(1112, '2017-11-16 22:56:55', 129, 0, 450.00, '2017-07-01', 'admin', NULL, 1, '2017-11-16 22:56:55'),
	(1113, '2017-11-16 22:57:15', 129, 0, 450.00, '2017-08-01', 'admin', NULL, 1, '2017-11-16 22:57:15'),
	(1114, '2017-11-16 22:57:23', 129, 0, 450.00, '2017-09-01', 'admin', NULL, 1, '2017-11-16 22:57:23'),
	(1117, '2017-11-16 22:57:43', 130, 0, 450.00, '2017-03-01', 'admin', NULL, 1, '2017-11-16 22:57:43'),
	(1118, '2017-11-16 22:57:50', 130, 0, 450.00, '2017-04-01', 'admin', NULL, 1, '2017-11-16 22:57:50'),
	(1119, '2017-11-16 22:57:57', 130, 0, 450.00, '2017-05-01', 'admin', NULL, 1, '2017-11-16 22:57:57'),
	(1120, '2017-11-16 22:58:07', 130, 0, 450.00, '2017-06-01', 'admin', NULL, 1, '2017-11-16 22:58:07'),
	(1121, '2017-11-16 22:58:15', 130, 0, 450.00, '2017-07-01', 'admin', NULL, 1, '2017-11-16 22:58:15'),
	(1144, '2017-11-15 23:49:56', 133, 0, 450.00, '2017-03-01', 'admin', NULL, 1, '2017-11-15 23:49:56'),
	(1162, '2017-11-01 22:19:06', 135, 0, 400.00, '2017-03-01', 'admin', NULL, 1, '2017-11-01 22:19:06'),
	(1207, '2017-11-01 22:22:39', 140, 0, 400.00, '2017-03-01', 'admin', NULL, 1, '2017-11-01 22:22:39'),
	(1208, '2017-11-01 22:22:46', 140, 0, 400.00, '2017-04-01', 'admin', NULL, 1, '2017-11-01 22:22:46'),
	(1209, '2017-11-01 22:22:52', 140, 0, 400.00, '2017-05-01', 'admin', NULL, 1, '2017-11-01 22:22:52'),
	(1210, '2017-11-01 22:22:58', 140, 0, 400.00, '2017-06-01', 'admin', NULL, 1, '2017-11-01 22:22:58'),
	(1211, '2017-11-01 22:23:05', 140, 0, 400.00, '2017-07-01', 'admin', NULL, 1, '2017-11-01 22:23:05'),
	(1393, '2017-06-16 21:33:02', 160, 0, 450.00, '2017-09-01', 'admin', NULL, 1, NULL),
	(1441, '2017-09-01 20:12:02', 166, 0, 450.00, '2017-08-01', 'admin', NULL, 1, NULL),
	(1442, '2017-10-06 22:56:19', 166, 0, 450.00, '2017-09-01', 'admin', NULL, 1, '2017-10-06 22:56:19'),
	(1443, '2017-11-16 22:29:32', 166, 0, 450.00, '2017-10-01', 'admin', NULL, 1, '2017-11-16 22:29:32'),
	(1445, '2017-10-31 21:42:22', 167, 0, 225.00, '2017-09-01', 'admin', NULL, 1, '2017-10-31 21:42:22'),
	(1446, '2017-10-31 21:41:58', 167, 0, 450.00, '2017-10-01', 'admin', NULL, 1, '2017-10-31 21:41:58'),
	(1447, '2017-09-29 23:50:56', 168, 0, 450.00, '2017-08-01', 'admin', NULL, 1, '2017-09-29 23:50:56'),
	(1448, '2017-10-06 23:14:00', 168, 0, 450.00, '2017-09-01', 'admin', NULL, 1, '2017-10-06 23:14:00'),
	(1450, '2017-09-01 21:01:13', 169, 0, 450.00, '2017-08-01', 'admin', NULL, 1, NULL),
	(1451, '2017-10-06 23:13:46', 169, 0, 450.00, '2017-09-01', 'admin', NULL, 1, '2017-10-06 23:13:46'),
	(1452, '2017-10-31 21:35:58', 169, 0, 450.00, '2017-10-01', 'admin', NULL, 1, '2017-10-31 21:35:58'),
	(1453, '2017-09-07 19:36:25', 170, 0, 450.00, '2017-08-01', 'admin', NULL, 1, NULL),
	(1454, '2017-10-06 23:02:37', 170, 0, 450.00, '2017-09-01', 'admin', NULL, 1, '2017-10-06 23:02:37'),
	(1455, '2017-10-06 23:02:47', 170, 0, 450.00, '2017-10-01', 'admin', NULL, 1, '2017-10-06 23:02:47'),
	(1456, '2017-09-07 19:37:52', 171, 0, 450.00, '2017-08-01', 'admin', NULL, 1, NULL),
	(1457, '2017-10-06 23:03:03', 171, 0, 450.00, '2017-09-01', 'admin', NULL, 1, '2017-10-06 23:03:03'),
	(1458, '2017-10-06 23:03:13', 171, 0, 450.00, '2017-10-01', 'admin', NULL, 1, '2017-10-06 23:03:13'),
	(1459, '2017-09-07 19:39:50', 172, 0, 450.00, '2017-08-01', 'admin', NULL, 1, NULL),
	(1460, '2017-10-06 23:04:45', 172, 0, 450.00, '2017-09-01', 'admin', NULL, 1, '2017-10-06 23:04:45'),
	(1461, '2017-10-06 23:05:12', 172, 0, 450.00, '2017-10-01', 'admin', NULL, 1, '2017-10-06 23:05:12'),
	(1465, '2017-09-29 23:13:30', 174, 0, 450.00, '2017-08-01', 'admin', NULL, 1, '2017-09-29 23:13:30'),
	(1466, '2017-10-06 23:05:37', 174, 0, 450.00, '2017-09-01', 'admin', NULL, 1, '2017-10-06 23:05:37'),
	(1467, '2017-10-31 21:49:03', 174, 0, 450.00, '2017-10-01', 'admin', NULL, 1, '2017-10-31 21:49:03'),
	(1468, '2017-09-29 23:40:45', 175, 0, 450.00, '2017-08-01', 'admin', NULL, 1, '2017-09-29 23:40:45'),
	(1469, '2017-10-06 23:07:03', 175, 0, 450.00, '2017-09-01', 'admin', NULL, 1, '2017-10-06 23:07:03'),
	(1470, '2017-10-31 21:36:36', 175, 0, 450.00, '2017-10-01', 'admin', NULL, 1, '2017-10-31 21:36:36'),
	(1471, '2017-09-29 23:21:55', 176, 0, 450.00, '2017-08-01', 'admin', NULL, 1, '2017-09-29 23:21:55'),
	(1474, '2017-09-08 18:34:27', 177, 0, 450.00, '2017-08-01', 'admin', NULL, 1, NULL),
	(1475, '2017-10-06 23:06:45', 177, 0, 450.00, '2017-09-01', 'admin', NULL, 1, '2017-10-06 23:06:45'),
	(1477, '2017-09-08 18:36:35', 178, 0, 450.00, '2017-08-01', 'admin', NULL, 1, NULL),
	(1478, '2017-10-06 23:06:11', 178, 0, 450.00, '2017-09-01', 'admin', NULL, 1, '2017-10-06 23:06:11'),
	(1479, '2017-10-06 23:06:26', 178, 0, 450.00, '2017-10-01', 'admin', NULL, 1, '2017-10-06 23:06:26'),
	(1480, '2017-09-08 18:39:55', 179, 0, 450.00, '2017-08-01', 'admin', NULL, 1, NULL),
	(1481, '2017-10-06 23:01:08', 179, 0, 450.00, '2017-09-01', 'admin', NULL, 1, '2017-10-06 23:01:08'),
	(1482, '2017-10-06 23:01:16', 179, 0, 450.00, '2017-10-01', 'admin', NULL, 1, '2017-10-06 23:01:16'),
	(1483, '2017-09-08 18:42:44', 180, 0, 450.00, '2017-08-01', 'admin', NULL, 1, NULL),
	(1484, '2017-10-06 22:59:04', 180, 0, 450.00, '2017-09-01', 'admin', NULL, 1, '2017-10-06 22:59:04'),
	(1485, '2017-10-06 22:59:16', 180, 0, 450.00, '2017-10-01', 'admin', NULL, 1, '2017-10-06 22:59:16'),
	(1486, '2017-09-29 23:43:20', 181, 0, 450.00, '2017-08-01', 'admin', NULL, 1, '2017-09-29 23:43:20'),
	(1495, '2017-09-29 23:47:40', 184, 0, 450.00, '2017-08-01', 'admin', NULL, 1, '2017-09-29 23:47:40'),
	(1496, '2017-09-29 23:49:07', 184, 0, 450.00, '2017-09-01', 'admin', NULL, 1, '2017-09-29 23:49:07'),
	(1497, '2017-10-31 21:33:32', 184, 0, 450.00, '2017-10-01', 'admin', NULL, 1, '2017-10-31 21:33:32'),
	(1498, '2017-09-29 23:45:36', 185, 0, 450.00, '2017-08-01', 'admin', NULL, 1, '2017-09-29 23:45:36'),
	(1501, '2017-09-29 23:46:17', 186, 0, 450.00, '2017-08-01', 'admin', NULL, 1, '2017-09-29 23:46:17'),
	(1507, '2017-09-29 23:49:26', 188, 0, 450.00, '2017-08-01', 'admin', NULL, 1, '2017-09-29 23:49:26'),
	(1508, '2017-10-06 23:12:31', 188, 0, 450.00, '2017-09-01', 'admin', NULL, 1, '2017-10-06 23:12:31'),
	(1509, '2017-10-31 21:35:11', 188, 0, 450.00, '2017-10-01', 'admin', NULL, 1, '2017-10-31 21:35:11'),
	(1510, '2017-09-29 23:42:47', 189, 0, 450.00, '2017-08-01', 'admin', NULL, 1, '2017-09-29 23:42:47'),
	(1511, '2017-10-06 23:07:22', 189, 0, 450.00, '2017-09-01', 'admin', NULL, 1, '2017-10-06 23:07:22'),
	(1512, '2017-10-31 21:44:30', 189, 0, 450.00, '2017-10-01', 'admin', NULL, 1, '2017-10-31 21:44:30'),
	(1513, '2017-09-29 23:44:39', 190, 0, 450.00, '2017-08-01', 'admin', NULL, 1, '2017-09-29 23:44:39'),
	(1514, '2017-10-06 23:08:43', 190, 0, 450.00, '2017-09-01', 'admin', NULL, 1, '2017-10-06 23:08:43'),
	(1515, '2017-10-31 21:45:47', 190, 0, 450.00, '2017-10-01', 'admin', NULL, 1, '2017-10-31 21:45:47'),
	(1516, '2017-09-29 23:44:13', 191, 0, 450.00, '2017-08-01', 'admin', NULL, 1, '2017-09-29 23:44:13'),
	(1519, '2017-09-08 19:15:13', 192, 0, 450.00, '2017-08-01', 'admin', NULL, 1, NULL),
	(1522, '2017-09-29 23:43:46', 193, 0, 450.00, '2017-08-01', 'admin', NULL, 1, '2017-09-29 23:43:46'),
	(1525, '2017-09-29 23:45:57', 194, 0, 450.00, '2017-08-01', 'admin', NULL, 1, '2017-09-29 23:45:57'),
	(1526, '2017-10-06 23:10:00', 194, 0, 450.00, '2017-09-01', 'admin', NULL, 1, '2017-10-06 23:10:00'),
	(1527, '2017-10-06 23:10:12', 194, 0, 450.00, '2017-10-01', 'admin', NULL, 1, '2017-10-06 23:10:12'),
	(1531, '2017-09-29 23:46:35', 196, 0, 450.00, '2017-08-01', 'admin', NULL, 1, '2017-09-29 23:46:35'),
	(1532, '2017-10-06 23:10:27', 196, 0, 450.00, '2017-09-01', 'admin', NULL, 1, '2017-10-06 23:10:27'),
	(1533, '2017-10-31 21:48:38', 196, 0, 450.00, '2017-10-01', 'admin', NULL, 1, '2017-10-31 21:48:38'),
	(1534, '2017-09-29 23:49:55', 197, 0, 450.00, '2017-08-01', 'admin', NULL, 1, '2017-09-29 23:49:55'),
	(1535, '2017-10-06 23:12:52', 197, 0, 450.00, '2017-09-01', 'admin', NULL, 1, '2017-10-06 23:12:52'),
	(1536, '2017-10-31 21:48:22', 197, 0, 450.00, '2017-10-01', 'admin', NULL, 1, '2017-10-31 21:48:22'),
	(1537, '2017-09-29 23:47:11', 198, 0, 450.00, '2017-08-01', 'admin', NULL, 1, '2017-09-29 23:47:11'),
	(1538, '2017-10-06 23:11:00', 198, 0, 450.00, '2017-09-01', 'admin', NULL, 1, '2017-10-06 23:11:00'),
	(1539, '2017-10-06 23:11:11', 198, 0, 450.00, '2017-10-01', 'admin', NULL, 1, '2017-10-06 23:11:11'),
	(1540, '2017-09-29 23:51:11', 199, 0, 450.00, '2017-08-01', 'admin', NULL, 1, '2017-09-29 23:51:11'),
	(1543, '2017-09-29 23:46:54', 200, 0, 450.00, '2017-08-01', 'admin', NULL, 1, '2017-09-29 23:46:54'),
	(1546, '2017-10-06 23:09:10', 201, 0, 450.00, '2017-08-01', 'admin', NULL, 1, '2017-10-06 23:09:10'),
	(1547, '2017-10-06 23:09:20', 201, 0, 450.00, '2017-09-01', 'admin', NULL, 1, '2017-10-06 23:09:20'),
	(1548, '2017-10-31 21:47:47', 201, 0, 450.00, '2017-10-01', 'admin', NULL, 1, '2017-10-31 21:47:47'),
	(1549, '2017-09-29 23:50:21', 202, 0, 450.00, '2017-08-01', 'admin', NULL, 1, '2017-09-29 23:50:21'),
	(1550, '2017-10-06 23:13:18', 202, 0, 450.00, '2017-09-01', 'admin', NULL, 1, '2017-10-06 23:13:18'),
	(1551, '2017-10-31 21:32:31', 202, 0, 450.00, '2017-10-01', 'admin', NULL, 1, '2017-10-31 21:32:31'),
	(1552, '2017-09-29 23:51:38', 203, 0, 450.00, '2017-08-01', 'admin', NULL, 1, '2017-09-29 23:51:38'),
	(1553, '2017-10-06 23:14:18', 203, 0, 450.00, '2017-09-01', 'admin', NULL, 1, '2017-10-06 23:14:18'),
	(1555, '2017-09-29 23:50:36', 204, 0, 450.00, '2017-08-01', 'admin', NULL, 1, '2017-09-29 23:50:36'),
	(1556, '2017-10-06 23:13:31', 204, 0, 450.00, '2017-09-01', 'admin', NULL, 1, '2017-10-06 23:13:31'),
	(1558, '2017-09-08 19:40:42', 205, 0, 450.00, '2017-08-01', 'admin', NULL, 1, NULL),
	(1559, '2017-10-06 23:05:58', 205, 0, 450.00, '2017-09-01', 'admin', NULL, 1, '2017-10-06 23:05:58'),
	(1560, '2017-10-31 21:37:36', 205, 0, 450.00, '2017-10-01', 'admin', NULL, 1, '2017-10-31 21:37:36'),
	(1564, '2017-09-20 19:29:11', 207, 0, 450.00, '2017-08-01', 'admin', NULL, 1, NULL),
	(1565, '2017-10-06 22:59:40', 207, 0, 450.00, '2017-09-01', 'admin', NULL, 1, '2017-10-06 22:59:40'),
	(1566, '2017-10-06 22:59:50', 207, 0, 450.00, '2017-10-01', 'admin', NULL, 1, '2017-10-06 22:59:50'),
	(1568, '2017-09-27 18:09:54', 208, 0, 225.00, '2017-09-01', 'admin', NULL, 1, NULL),
	(1570, '2017-10-06 22:14:09', 209, 1, 450.00, '2017-08-01', 'admin', NULL, 1, '2017-10-06 22:14:09'),
	(1571, '2017-10-06 23:02:18', 209, 1, 450.00, '2017-09-01', 'admin', NULL, 1, '2017-10-06 23:02:18'),
	(1573, '2017-10-06 22:02:19', 210, 0, 450.00, '2017-08-01', 'admin', NULL, 1, '2017-10-06 22:02:19'),
	(1574, '2017-10-06 22:10:16', 210, 0, 450.00, '2017-09-01', 'admin', NULL, 1, '2017-10-06 22:10:16'),
	(1576, '2017-10-31 21:34:12', 210, 1, 450.00, '2017-08-01', 'admin', NULL, 1, '2017-10-31 21:34:12'),
	(1579, '2017-10-06 22:13:42', 211, 0, 450.00, '2017-08-01', 'admin', NULL, 1, '2017-10-06 22:13:42'),
	(1582, '2017-10-06 22:16:09', 212, 1, 450.00, '2017-08-01', 'admin', NULL, 1, '2017-10-06 22:16:09'),
	(1585, '2017-10-06 22:26:01', 213, 0, 450.00, '2017-08-01', 'admin', NULL, 1, '2017-10-06 22:26:01'),
	(1586, '2017-10-06 23:07:59', 213, 0, 450.00, '2017-09-01', 'admin', NULL, 1, '2017-10-06 23:07:59'),
	(1587, '2017-10-06 23:08:17', 213, 0, 450.00, '2017-10-01', 'admin', NULL, 1, '2017-10-06 23:08:17'),
	(1588, '2017-10-06 22:31:08', 214, 1, 450.00, '2017-08-01', 'admin', NULL, 1, '2017-10-06 22:31:08'),
	(1589, '2017-10-06 23:10:44', 214, 1, 450.00, '2017-09-01', 'admin', NULL, 1, '2017-10-06 23:10:44'),
	(1590, '2017-10-31 21:36:54', 214, 1, 450.00, '2017-10-01', 'admin', NULL, 1, '2017-10-31 21:36:54'),
	(1591, '2017-10-06 22:39:22', 215, 0, 450.00, '2017-08-01', 'admin', NULL, 1, '2017-10-06 22:39:22'),
	(1592, '2017-10-06 22:39:34', 215, 0, 450.00, '2017-09-01', 'admin', NULL, 1, '2017-10-06 22:39:34'),
	(1593, '2017-10-06 22:40:39', 215, 0, 450.00, '2017-10-01', 'admin', NULL, 1, '2017-10-06 22:40:39'),
	(1594, '2017-10-31 21:35:41', 176, 1, 450.00, '2017-08-01', 'admin', NULL, 1, '2017-10-31 21:35:41'),
	(1603, '2017-10-31 21:40:39', 216, 0, 450.00, '2017-08-01', 'admin', NULL, 1, '2017-10-31 21:40:39'),
	(1604, '2017-10-31 21:40:48', 216, 0, 450.00, '2017-09-01', 'admin', NULL, 1, '2017-10-31 21:40:48'),
	(1605, '2017-10-31 21:40:56', 216, 0, 450.00, '2017-10-01', 'admin', NULL, 1, '2017-10-31 21:40:56'),
	(1706, '2017-12-15 21:48:18', 23, 0, 400.00, '2017-12-01', 'admin', NULL, 1, '2017-12-15 21:48:18'),
	(1707, '2017-12-15 21:48:58', 24, 0, 400.00, '2017-12-01', 'admin', NULL, 1, '2017-12-15 21:48:58'),
	(1708, '2017-12-15 21:50:33', 21, 0, 400.00, '2017-12-01', 'admin', NULL, 1, '2017-12-15 21:50:33'),
	(1709, '2017-12-15 21:51:12', 25, 0, 400.00, '2017-12-01', 'admin', NULL, 1, '2017-12-15 21:51:12'),
	(1710, '2017-12-15 21:51:29', 12, 0, 400.00, '2017-12-01', 'admin', NULL, 1, '2017-12-15 21:51:29'),
	(1711, '2017-12-15 21:54:31', 17, 0, 400.00, '2017-12-01', 'admin', NULL, 1, '2017-12-15 21:54:31'),
	(1712, '2017-12-15 21:55:21', 28, 0, 400.00, '2017-12-01', 'admin', NULL, 1, '2017-12-15 21:55:21'),
	(1713, '2017-12-15 21:55:44', 29, 0, 400.00, '2017-12-01', 'admin', NULL, 1, '2017-12-15 21:55:44'),
	(1714, '2017-12-15 21:58:03', 51, 0, 400.00, '2017-12-01', 'admin', NULL, 1, '2017-12-15 21:58:03'),
	(1715, '2017-12-15 21:58:13', 52, 0, 400.00, '2017-12-01', 'admin', NULL, 1, '2017-12-15 21:58:13'),
	(1716, '2017-12-15 21:58:28', 49, 0, 400.00, '2017-12-01', 'admin', NULL, 1, '2017-12-15 21:58:28'),
	(1717, '2017-12-15 21:58:41', 62, 0, 400.00, '2017-12-01', 'admin', NULL, 1, '2017-12-15 21:58:41'),
	(1718, '2017-12-15 22:00:28', 70, 0, 400.00, '2017-12-01', 'admin', NULL, 1, '2017-12-15 22:00:28'),
	(1719, '2017-12-15 22:00:49', 67, 0, 400.00, '2017-12-01', 'admin', NULL, 1, '2017-12-15 22:00:49'),
	(1720, '2017-12-15 22:01:44', 76, 0, 400.00, '2017-12-01', 'admin', NULL, 1, '2017-12-15 22:01:44'),
	(1721, '2017-12-15 22:02:08', 66, 0, 200.00, '2017-12-01', 'admin', NULL, 1, '2017-12-15 22:02:08'),
	(1722, '2017-12-15 22:02:51', 202, 0, 450.00, '2017-11-01', 'admin', NULL, 1, '2017-12-15 22:02:51'),
	(1723, '2017-12-15 22:03:14', 202, 0, 450.00, '2017-12-01', 'admin', NULL, 1, '2017-12-15 22:03:14'),
	(1724, '2017-12-15 22:03:26', 184, 0, 450.00, '2017-11-01', 'admin', NULL, 1, '2017-12-15 22:03:26'),
	(1725, '2017-12-15 22:03:34', 184, 0, 450.00, '2017-12-01', 'admin', NULL, 1, '2017-12-15 22:03:34'),
	(1726, '2017-12-15 22:04:04', 169, 0, 450.00, '2017-11-01', 'admin', NULL, 1, '2017-12-15 22:04:04'),
	(1727, '2017-12-15 22:04:10', 169, 0, 450.00, '2017-12-01', 'admin', NULL, 1, '2017-12-15 22:04:10'),
	(1728, '2017-12-15 22:04:28', 175, 0, 450.00, '2017-11-01', 'admin', NULL, 1, '2017-12-15 22:04:28'),
	(1729, '2017-12-15 22:04:33', 175, 0, 450.00, '2017-12-01', 'admin', NULL, 1, '2017-12-15 22:04:33'),
	(1730, '2017-12-15 22:04:41', 214, 0, 450.00, '2017-11-01', 'admin', NULL, 1, '2017-12-15 22:04:41'),
	(1731, '2017-12-15 22:05:09', 205, 0, 450.00, '2017-11-01', 'admin', NULL, 1, '2017-12-15 22:05:09'),
	(1732, '2017-12-15 22:05:14', 205, 0, 450.00, '2017-12-01', 'admin', NULL, 1, '2017-12-15 22:05:14'),
	(1733, '2017-12-15 22:05:23', 215, 0, 450.00, '2017-11-01', 'admin', NULL, 1, '2017-12-15 22:05:23'),
	(1734, '2017-12-15 22:05:28', 215, 0, 450.00, '2017-12-01', 'admin', NULL, 1, '2017-12-15 22:05:28'),
	(1735, '2017-12-15 22:05:28', 215, 0, 450.00, '2017-12-01', 'admin', NULL, 1, '2017-12-15 22:05:28'),
	(1736, '2017-12-15 22:06:33', 216, 0, 450.00, '2017-11-01', 'admin', NULL, 1, '2017-12-15 22:06:33'),
	(1737, '2017-12-15 22:06:49', 167, 0, 450.00, '2017-11-01', 'admin', NULL, 1, '2017-12-15 22:06:49'),
	(1738, '2017-12-15 22:06:55', 167, 0, 450.00, '2017-12-01', 'admin', NULL, 1, '2017-12-15 22:06:55'),
	(1739, '2017-12-15 22:07:07', 178, 0, 450.00, '2017-11-01', 'admin', NULL, 1, '2017-12-15 22:07:07'),
	(1740, '2017-12-15 22:07:12', 178, 0, 450.00, '2017-12-01', 'admin', NULL, 1, '2017-12-15 22:07:12'),
	(1741, '2017-12-15 22:07:51', 213, 0, 450.00, '2017-11-01', 'admin', NULL, 1, '2017-12-15 22:07:51'),
	(1742, '2017-12-15 22:08:06', 194, 0, 450.00, '2017-11-01', 'admin', NULL, 1, '2017-12-15 22:08:06'),
	(1743, '2017-12-15 22:08:12', 194, 0, 450.00, '2017-12-01', 'admin', NULL, 1, '2017-12-15 22:08:12'),
	(1744, '2017-12-15 22:08:58', 180, 0, 450.00, '2017-11-01', 'admin', NULL, 1, '2017-12-15 22:08:58'),
	(1745, '2017-12-15 22:09:04', 180, 0, 450.00, '2017-12-01', 'admin', NULL, 1, '2017-12-15 22:09:04'),
	(1746, '2017-12-15 22:09:55', 207, 0, 450.00, '2017-11-01', 'admin', NULL, 1, '2017-12-15 22:09:55'),
	(1747, '2017-12-15 22:10:56', 179, 0, 450.00, '2017-11-01', 'admin', NULL, 1, '2017-12-15 22:10:56'),
	(1748, '2017-12-15 22:11:05', 179, 0, 450.00, '2017-12-01', 'admin', NULL, 1, '2017-12-15 22:11:05'),
	(1749, '2017-12-15 22:11:24', 209, 0, 450.00, '2017-11-01', 'admin', NULL, 1, '2017-12-15 22:11:24'),
	(1750, '2017-12-15 22:11:33', 170, 0, 450.00, '2017-11-01', 'admin', NULL, 1, '2017-12-15 22:11:33'),
	(1751, '2017-12-15 22:11:38', 170, 0, 450.00, '2017-12-01', 'admin', NULL, 1, '2017-12-15 22:11:38'),
	(1752, '2017-12-15 22:11:45', 208, 0, 450.00, '2017-11-01', 'admin', NULL, 1, '2017-12-15 22:11:45'),
	(1753, '2017-12-15 22:11:50', 208, 0, 450.00, '2017-12-01', 'admin', NULL, 1, '2017-12-15 22:11:50'),
	(1754, '2017-12-15 22:12:09', 181, 0, 450.00, '2017-11-01', 'admin', NULL, 1, '2017-12-15 22:12:09'),
	(1755, '2017-12-15 22:12:15', 181, 0, 450.00, '2017-12-01', 'admin', NULL, 1, '2017-12-15 22:12:15'),
	(1756, '2017-12-15 22:12:15', 181, 0, 450.00, '2017-12-01', 'admin', NULL, 1, '2017-12-15 22:12:15'),
	(1757, '2017-12-15 22:12:22', 198, 0, 450.00, '2017-11-01', 'admin', NULL, 1, '2017-12-15 22:12:22'),
	(1758, '2017-12-15 22:12:31', 201, 0, 450.00, '2017-11-01', 'admin', NULL, 1, '2017-12-15 22:12:31'),
	(1759, '2017-12-15 22:12:35', 201, 0, 450.00, '2017-12-01', 'admin', NULL, 1, '2017-12-15 22:12:35'),
	(1760, '2017-12-15 22:12:43', 197, 0, 450.00, '2017-11-01', 'admin', NULL, 1, '2017-12-15 22:12:43'),
	(1761, '2017-12-15 22:12:48', 197, 0, 450.00, '2017-12-01', 'admin', NULL, 1, '2017-12-15 22:12:48'),
	(1762, '2017-12-15 22:13:01', 196, 0, 450.00, '2017-11-01', 'admin', NULL, 1, '2017-12-15 22:13:01'),
	(1763, '2017-12-15 22:13:05', 196, 0, 450.00, '2017-12-01', 'admin', NULL, 1, '2017-12-15 22:13:05'),
	(1764, '2017-12-15 22:13:12', 172, 0, 450.00, '2017-11-01', 'admin', NULL, 1, '2017-12-15 22:13:12'),
	(1765, '2017-12-15 22:13:17', 172, 0, 450.00, '2017-12-01', 'admin', NULL, 1, '2017-12-15 22:13:17'),
	(1766, '2017-12-15 22:13:24', 174, 0, 450.00, '2017-11-01', 'admin', NULL, 1, '2017-12-15 22:13:24'),
	(1767, '2017-12-15 22:13:29', 174, 0, 450.00, '2017-12-01', 'admin', NULL, 1, '2017-12-15 22:13:29'),
	(1768, '2017-12-15 22:24:08', 147, 0, 450.00, '2017-12-01', 'admin', NULL, 1, '2017-12-15 22:24:08'),
	(1769, '2017-12-15 22:24:48', 131, 0, 450.00, '2017-12-01', 'admin', NULL, 1, '2017-12-15 22:24:48'),
	(1770, '2017-12-15 22:26:09', 146, 0, 450.00, '2017-12-01', 'admin', NULL, 1, '2017-12-15 22:26:09'),
	(1771, '2017-12-15 22:27:42', 162, 0, 450.00, '2017-12-01', 'admin', NULL, 1, '2017-12-15 22:27:42'),
	(1772, '2017-12-15 22:27:52', 164, 0, 450.00, '2017-12-01', 'admin', NULL, 1, '2017-12-15 22:27:52'),
	(1773, '2017-12-15 22:28:17', 160, 0, 450.00, '2017-12-01', 'admin', NULL, 1, '2017-12-15 22:28:17'),
	(1774, '2017-12-15 22:29:14', 153, 0, 450.00, '2017-12-01', 'admin', NULL, 1, '2017-12-15 22:29:14'),
	(1775, '2017-12-15 23:05:37', 44, 0, 400.00, '2017-12-01', 'admin', NULL, 1, '2017-12-15 23:05:37'),
	(1776, '2017-12-20 23:40:14', 20, 0, 400.00, '2017-04-01', 'admin', NULL, 1, '2017-12-20 23:40:14'),
	(1777, '2017-12-20 23:40:24', 20, 0, 400.00, '2017-05-01', 'admin', NULL, 1, '2017-12-20 23:40:24'),
	(1778, '2017-12-20 23:40:32', 20, 0, 400.00, '2017-06-01', 'admin', NULL, 1, '2017-12-20 23:40:32'),
	(1779, '2017-12-20 23:40:39', 20, 0, 400.00, '2017-07-01', 'admin', NULL, 1, '2017-12-20 23:40:39'),
	(1780, '2017-12-20 23:40:49', 20, 0, 400.00, '2017-08-01', 'admin', NULL, 1, '2017-12-20 23:40:49'),
	(1781, '2017-12-20 23:40:55', 20, 0, 400.00, '2017-09-01', 'admin', NULL, 1, '2017-12-20 23:40:55'),
	(1782, '2017-12-20 23:41:02', 20, 0, 400.00, '2017-10-01', 'admin', NULL, 1, '2017-12-20 23:41:02'),
	(1783, '2017-12-20 23:41:07', 20, 0, 400.00, '2017-11-01', 'admin', NULL, 1, '2017-12-20 23:41:07'),
	(1784, '2017-12-20 23:41:14', 20, 0, 400.00, '2017-12-01', 'admin', NULL, 1, '2017-12-20 23:41:14'),
	(1785, '2017-12-20 23:45:18', 48, 0, 400.00, '2017-11-01', 'admin', NULL, 1, '2017-12-20 23:45:18'),
	(1786, '2017-12-20 23:47:54', 78, 0, 400.00, '2017-11-01', 'admin', NULL, 1, '2017-12-20 23:47:54'),
	(1787, '2017-12-20 23:48:24', 55, 0, 400.00, '2017-11-01', 'admin', NULL, 1, '2017-12-20 23:48:24'),
	(1788, '2017-12-20 23:50:39', 103, 0, 450.00, '2017-11-01', 'admin', NULL, 1, '2017-12-20 23:50:39'),
	(1789, '2017-12-20 23:51:44', 129, 0, 450.00, '2017-10-01', 'admin', NULL, 1, '2017-12-20 23:51:44'),
	(1790, '2017-12-20 23:51:51', 129, 0, 450.00, '2017-11-01', 'admin', NULL, 1, '2017-12-20 23:51:51'),
	(1791, '2017-12-20 23:51:57', 129, 0, 450.00, '2017-12-01', 'admin', NULL, 1, '2017-12-20 23:51:57'),
	(1792, '2017-12-20 23:52:30', 92, 0, 450.00, '2017-06-01', 'admin', NULL, 1, '2017-12-20 23:52:30'),
	(1793, '2017-12-20 23:52:40', 92, 0, 450.00, '2017-07-01', 'admin', NULL, 1, '2017-12-20 23:52:40'),
	(1794, '2017-12-20 23:52:48', 92, 0, 450.00, '2017-08-01', 'admin', NULL, 1, '2017-12-20 23:52:48'),
	(1795, '2017-12-20 23:52:57', 92, 0, 450.00, '2017-09-01', 'admin', NULL, 1, '2017-12-20 23:52:57'),
	(1796, '2017-12-20 23:53:05', 92, 0, 450.00, '2017-10-01', 'admin', NULL, 1, '2017-12-20 23:53:05'),
	(1797, '2017-12-20 23:53:14', 92, 0, 450.00, '2017-11-01', 'admin', NULL, 1, '2017-12-20 23:53:14'),
	(1798, '2017-12-20 23:53:21', 92, 0, 450.00, '2017-12-01', 'admin', NULL, 1, '2017-12-20 23:53:21'),
	(1799, '2017-12-20 23:53:37', 108, 0, 450.00, '2017-03-01', 'admin', NULL, 1, '2017-12-20 23:53:37'),
	(1800, '2017-12-20 23:53:44', 108, 0, 450.00, '2017-04-01', 'admin', NULL, 1, '2017-12-20 23:53:44'),
	(1801, '2017-12-20 23:53:52', 108, 0, 450.00, '2017-05-01', 'admin', NULL, 1, '2017-12-20 23:53:52'),
	(1802, '2017-12-20 23:54:00', 108, 0, 450.00, '2017-06-01', 'admin', NULL, 1, '2017-12-20 23:54:00'),
	(1803, '2017-12-20 23:54:00', 108, 0, 450.00, '2017-06-01', 'admin', NULL, 1, '2017-12-20 23:54:00'),
	(1804, '2017-12-20 23:54:06', 108, 0, 450.00, '2017-07-01', 'admin', NULL, 1, '2017-12-20 23:54:06'),
	(1805, '2017-12-20 23:54:12', 108, 0, 450.00, '2017-08-01', 'admin', NULL, 1, '2017-12-20 23:54:12'),
	(1806, '2017-12-20 23:54:24', 108, 0, 450.00, '2017-09-01', 'admin', NULL, 1, '2017-12-20 23:54:24'),
	(1807, '2017-12-20 23:54:30', 108, 0, 450.00, '2017-10-01', 'admin', NULL, 1, '2017-12-20 23:54:30'),
	(1808, '2017-12-20 23:54:35', 108, 0, 450.00, '2017-11-01', 'admin', NULL, 1, '2017-12-20 23:54:35'),
	(1809, '2017-12-20 23:54:41', 108, 0, 450.00, '2017-12-01', 'admin', NULL, 1, '2017-12-20 23:54:41'),
	(1810, '2017-12-20 23:54:41', 108, 0, 450.00, '2017-12-01', 'admin', NULL, 1, '2017-12-20 23:54:41'),
	(1811, '2017-12-20 23:54:50', 116, 0, 450.00, '2017-03-01', 'admin', NULL, 1, '2017-12-20 23:54:50'),
	(1812, '2017-12-20 23:54:56', 116, 0, 450.00, '2017-04-01', 'admin', NULL, 1, '2017-12-20 23:54:56'),
	(1813, '2017-12-20 23:55:02', 116, 0, 450.00, '2017-05-01', 'admin', NULL, 1, '2017-12-20 23:55:02'),
	(1814, '2017-12-20 23:55:08', 116, 0, 450.00, '2017-06-01', 'admin', NULL, 1, '2017-12-20 23:55:08'),
	(1815, '2017-12-20 23:55:08', 116, 0, 450.00, '2017-06-01', 'admin', NULL, 1, '2017-12-20 23:55:08'),
	(1816, '2017-12-20 23:55:15', 116, 0, 450.00, '2017-07-01', 'admin', NULL, 1, '2017-12-20 23:55:15'),
	(1817, '2017-12-20 23:55:20', 116, 0, 450.00, '2017-08-01', 'admin', NULL, 1, '2017-12-20 23:55:20'),
	(1818, '2017-12-20 23:55:26', 116, 0, 450.00, '2017-09-01', 'admin', NULL, 1, '2017-12-20 23:55:26'),
	(1819, '2017-12-20 23:55:32', 116, 0, 450.00, '2017-10-01', 'admin', NULL, 1, '2017-12-20 23:55:32'),
	(1820, '2017-12-20 23:55:36', 116, 0, 450.00, '2017-11-01', 'admin', NULL, 1, '2017-12-20 23:55:36'),
	(1821, '2017-12-20 23:55:41', 116, 0, 450.00, '2017-12-01', 'admin', NULL, 1, '2017-12-20 23:55:41'),
	(1822, '2017-12-20 23:56:09', 228, 0, 450.00, '2017-08-01', 'admin', NULL, 1, '2017-12-20 23:56:09'),
	(1823, '2017-12-20 23:56:18', 228, 0, 450.00, '2017-09-01', 'admin', NULL, 1, '2017-12-20 23:56:18'),
	(1824, '2017-12-20 23:56:26', 228, 0, 450.00, '2017-10-01', 'admin', NULL, 1, '2017-12-20 23:56:26'),
	(1825, '2017-12-20 23:56:34', 228, 0, 450.00, '2017-11-01', 'admin', NULL, 1, '2017-12-20 23:56:34'),
	(1826, '2017-12-20 23:56:43', 228, 0, 450.00, '2017-12-01', 'admin', NULL, 1, '2017-12-20 23:56:43'),
	(1827, '2017-12-20 23:57:39', 124, 0, 450.00, '2017-03-01', 'admin', NULL, 1, '2017-12-20 23:57:39'),
	(1828, '2017-12-21 00:01:22', 123, 0, 450.00, '2017-11-01', 'admin', NULL, 1, '2017-12-21 00:01:22'),
	(1829, '2017-12-21 00:01:29', 123, 0, 450.00, '2017-12-01', 'admin', NULL, 1, '2017-12-21 00:01:29'),
	(1830, '2017-12-21 00:02:17', 111, 0, 450.00, '2017-03-01', 'admin', NULL, 1, '2017-12-21 00:02:17'),
	(1831, '2017-12-21 00:02:23', 111, 0, 450.00, '2017-04-01', 'admin', NULL, 1, '2017-12-21 00:02:23'),
	(1832, '2017-12-21 00:02:30', 111, 0, 450.00, '2017-05-01', 'admin', NULL, 1, '2017-12-21 00:02:30'),
	(1833, '2017-12-21 00:02:36', 111, 0, 450.00, '2017-06-01', 'admin', NULL, 1, '2017-12-21 00:02:36'),
	(1834, '2017-12-21 00:02:43', 111, 0, 450.00, '2017-07-01', 'admin', NULL, 1, '2017-12-21 00:02:43'),
	(1835, '2017-12-21 00:03:32', 225, 0, 450.00, '2017-03-01', 'admin', NULL, 1, '2017-12-21 00:03:32'),
	(1836, '2017-12-21 00:03:37', 225, 0, 450.00, '2017-04-01', 'admin', NULL, 1, '2017-12-21 00:03:37'),
	(1837, '2017-12-21 00:03:45', 225, 0, 450.00, '2017-05-01', 'admin', NULL, 1, '2017-12-21 00:03:45'),
	(1838, '2017-12-21 00:03:50', 225, 0, 450.00, '2017-06-01', 'admin', NULL, 1, '2017-12-21 00:03:50'),
	(1839, '2017-12-21 00:03:56', 225, 0, 450.00, '2017-07-01', 'admin', NULL, 1, '2017-12-21 00:03:56'),
	(1840, '2017-12-21 00:04:02', 225, 0, 450.00, '2017-08-01', 'admin', NULL, 1, '2017-12-21 00:04:02'),
	(1841, '2017-12-21 00:04:17', 112, 0, 450.00, '2017-03-01', 'admin', NULL, 1, '2017-12-21 00:04:17'),
	(1842, '2017-12-21 00:04:23', 112, 0, 450.00, '2017-04-01', 'admin', NULL, 1, '2017-12-21 00:04:23'),
	(1843, '2017-12-21 00:04:30', 112, 0, 450.00, '2017-05-01', 'admin', NULL, 1, '2017-12-21 00:04:30'),
	(1844, '2017-12-21 00:04:35', 112, 0, 450.00, '2017-06-01', 'admin', NULL, 1, '2017-12-21 00:04:35'),
	(1845, '2017-12-21 00:04:41', 112, 0, 450.00, '2017-07-01', 'admin', NULL, 1, '2017-12-21 00:04:41'),
	(1846, '2017-12-21 00:05:11', 227, 0, 450.00, '2017-03-01', 'admin', NULL, 1, '2017-12-21 00:05:11'),
	(1847, '2017-12-21 00:05:15', 227, 0, 450.00, '2017-04-01', 'admin', NULL, 1, '2017-12-21 00:05:15'),
	(1848, '2017-12-21 00:05:22', 227, 0, 450.00, '2017-05-01', 'admin', NULL, 1, '2017-12-21 00:05:22'),
	(1849, '2017-12-21 00:05:30', 227, 0, 450.00, '2017-06-01', 'admin', NULL, 1, '2017-12-21 00:05:30'),
	(1850, '2017-12-21 00:05:37', 227, 0, 450.00, '2017-07-01', 'admin', NULL, 1, '2017-12-21 00:05:37'),
	(1851, '2017-12-21 00:05:44', 227, 0, 450.00, '2017-08-01', 'admin', NULL, 1, '2017-12-21 00:05:44'),
	(1852, '2017-12-21 00:05:50', 227, 0, 450.00, '2017-09-01', 'admin', NULL, 1, '2017-12-21 00:05:50'),
	(1853, '2017-12-21 00:05:55', 227, 0, 450.00, '2017-10-01', 'admin', NULL, 1, '2017-12-21 00:05:55'),
	(1854, '2017-12-21 00:07:23', 106, 0, 450.00, '2017-03-01', 'admin', NULL, 1, '2017-12-21 00:07:23'),
	(1855, '2017-12-21 00:07:29', 106, 0, 450.00, '2017-04-01', 'admin', NULL, 1, '2017-12-21 00:07:29'),
	(1856, '2017-12-21 00:07:36', 106, 0, 450.00, '2017-05-01', 'admin', NULL, 1, '2017-12-21 00:07:36'),
	(1857, '2017-12-21 00:07:43', 106, 0, 450.00, '2017-06-01', 'admin', NULL, 1, '2017-12-21 00:07:43'),
	(1858, '2017-12-21 00:07:53', 106, 0, 450.00, '2017-07-01', 'admin', NULL, 1, '2017-12-21 00:07:53'),
	(1859, '2017-12-21 00:13:23', 89, 0, 450.00, '2017-03-01', 'admin', NULL, 1, '2017-12-21 00:13:23'),
	(1860, '2017-12-21 00:13:29', 89, 0, 450.00, '2017-04-01', 'admin', NULL, 1, '2017-12-21 00:13:29'),
	(1861, '2017-12-21 00:13:35', 89, 0, 450.00, '2017-05-01', 'admin', NULL, 1, '2017-12-21 00:13:35'),
	(1862, '2017-12-21 00:13:41', 89, 0, 450.00, '2017-06-01', 'admin', NULL, 1, '2017-12-21 00:13:41'),
	(1863, '2017-12-21 00:13:47', 89, 0, 450.00, '2017-07-01', 'admin', NULL, 1, '2017-12-21 00:13:47'),
	(1864, '2017-12-21 00:13:55', 89, 0, 450.00, '2017-08-01', 'admin', NULL, 1, '2017-12-21 00:13:55'),
	(1865, '2017-12-21 00:14:01', 89, 0, 450.00, '2017-09-01', 'admin', NULL, 1, '2017-12-21 00:14:01'),
	(1866, '2017-12-21 00:14:08', 89, 0, 450.00, '2017-10-01', 'admin', NULL, 1, '2017-12-21 00:14:08'),
	(1867, '2017-12-21 00:14:15', 89, 0, 450.00, '2017-11-01', 'admin', NULL, 1, '2017-12-21 00:14:15'),
	(1868, '2017-12-21 00:14:22', 89, 0, 450.00, '2017-12-01', 'admin', NULL, 1, '2017-12-21 00:14:22'),
	(1869, '2017-12-21 00:17:27', 90, 0, 450.00, '2017-03-01', 'admin', NULL, 1, '2017-12-21 00:17:27'),
	(1870, '2017-12-21 00:17:33', 90, 0, 450.00, '2017-04-01', 'admin', NULL, 1, '2017-12-21 00:17:33'),
	(1871, '2017-12-21 00:17:43', 90, 0, 450.00, '2017-05-01', 'admin', NULL, 1, '2017-12-21 00:17:43'),
	(1872, '2017-12-21 00:17:49', 90, 0, 450.00, '2017-06-01', 'admin', NULL, 1, '2017-12-21 00:17:49'),
	(1873, '2017-12-21 00:17:55', 90, 0, 450.00, '2017-07-01', 'admin', NULL, 1, '2017-12-21 00:17:55'),
	(1874, '2017-12-21 00:18:01', 90, 0, 450.00, '2017-08-01', 'admin', NULL, 1, '2017-12-21 00:18:01'),
	(1875, '2017-12-21 00:18:08', 90, 0, 450.00, '2017-09-01', 'admin', NULL, 1, '2017-12-21 00:18:08'),
	(1876, '2017-12-21 00:18:15', 90, 0, 450.00, '2017-10-01', 'admin', NULL, 1, '2017-12-21 00:18:15'),
	(1877, '2017-12-21 00:18:25', 90, 0, 450.00, '2017-11-01', 'admin', NULL, 1, '2017-12-21 00:18:25'),
	(1878, '2017-12-21 00:18:42', 86, 0, 450.00, '2017-03-01', 'admin', NULL, 1, '2017-12-21 00:18:42'),
	(1879, '2017-12-21 00:18:48', 86, 0, 450.00, '2017-04-01', 'admin', NULL, 1, '2017-12-21 00:18:48'),
	(1880, '2017-12-21 00:18:55', 86, 0, 450.00, '2017-05-01', 'admin', NULL, 1, '2017-12-21 00:18:55'),
	(1881, '2017-12-21 00:19:01', 86, 0, 450.00, '2017-06-01', 'admin', NULL, 1, '2017-12-21 00:19:01'),
	(1882, '2017-12-21 00:19:07', 86, 0, 450.00, '2017-07-01', 'admin', NULL, 1, '2017-12-21 00:19:07'),
	(1883, '2017-12-21 00:19:14', 86, 0, 450.00, '2017-08-01', 'admin', NULL, 1, '2017-12-21 00:19:14'),
	(1884, '2017-12-21 00:19:20', 86, 0, 450.00, '2017-09-01', 'admin', NULL, 1, '2017-12-21 00:19:20'),
	(1885, '2017-12-21 00:19:27', 86, 0, 450.00, '2017-10-01', 'admin', NULL, 1, '2017-12-21 00:19:27'),
	(1886, '2017-12-21 00:19:32', 86, 0, 450.00, '2017-11-01', 'admin', NULL, 1, '2017-12-21 00:19:32'),
	(1887, '2017-12-21 00:19:39', 86, 0, 450.00, '2017-12-01', 'admin', NULL, 1, '2017-12-21 00:19:39'),
	(1888, '2017-12-21 00:20:24', 97, 0, 450.00, '2017-03-01', 'admin', NULL, 1, '2017-12-21 00:20:24'),
	(1889, '2017-12-21 00:20:33', 97, 0, 450.00, '2017-04-01', 'admin', NULL, 1, '2017-12-21 00:20:33'),
	(1890, '2017-12-21 00:20:40', 97, 0, 450.00, '2017-05-01', 'admin', NULL, 1, '2017-12-21 00:20:40'),
	(1891, '2017-12-21 00:20:46', 97, 0, 450.00, '2017-06-01', 'admin', NULL, 1, '2017-12-21 00:20:46'),
	(1892, '2017-12-21 00:20:52', 97, 0, 450.00, '2017-07-01', 'admin', NULL, 1, '2017-12-21 00:20:52'),
	(1893, '2017-12-21 00:20:57', 97, 0, 450.00, '2017-08-01', 'admin', NULL, 1, '2017-12-21 00:20:57'),
	(1894, '2017-12-21 00:21:04', 97, 0, 450.00, '2017-09-01', 'admin', NULL, 1, '2017-12-21 00:21:04'),
	(1895, '2017-12-21 00:21:10', 97, 0, 450.00, '2017-10-01', 'admin', NULL, 1, '2017-12-21 00:21:10'),
	(1896, '2017-12-21 00:21:15', 97, 0, 450.00, '2017-11-01', 'admin', NULL, 1, '2017-12-21 00:21:15'),
	(1897, '2017-12-21 00:21:21', 97, 0, 450.00, '2017-12-01', 'admin', NULL, 1, '2017-12-21 00:21:21'),
	(1898, '2017-12-21 00:21:47', 114, 0, 450.00, '2017-03-01', 'admin', NULL, 1, '2017-12-21 00:21:47'),
	(1899, '2017-12-21 00:21:56', 114, 0, 450.00, '2017-04-01', 'admin', NULL, 1, '2017-12-21 00:21:56'),
	(1900, '2017-12-21 00:22:11', 114, 0, 450.00, '2017-05-01', 'admin', NULL, 1, '2017-12-21 00:22:11'),
	(1901, '2017-12-21 00:22:19', 114, 0, 450.00, '2017-06-01', 'admin', NULL, 1, '2017-12-21 00:22:19'),
	(1902, '2017-12-21 00:22:45', 114, 0, 450.00, '2017-07-01', 'admin', NULL, 1, '2017-12-21 00:22:45'),
	(1903, '2017-12-21 00:23:26', 222, 0, 450.00, '2017-03-01', 'admin', NULL, 1, '2017-12-21 00:23:26'),
	(1904, '2017-12-21 00:23:32', 222, 0, 450.00, '2017-04-01', 'admin', NULL, 1, '2017-12-21 00:23:32'),
	(1905, '2017-12-21 00:23:38', 222, 0, 450.00, '2017-05-01', 'admin', NULL, 1, '2017-12-21 00:23:38'),
	(1906, '2017-12-21 00:23:44', 222, 0, 450.00, '2017-06-01', 'admin', NULL, 1, '2017-12-21 00:23:44'),
	(1907, '2017-12-21 00:23:51', 222, 0, 450.00, '2017-07-01', 'admin', NULL, 1, '2017-12-21 00:23:51'),
	(1908, '2017-12-21 00:23:56', 222, 0, 450.00, '2017-08-01', 'admin', NULL, 1, '2017-12-21 00:23:56'),
	(1909, '2017-12-21 00:24:01', 222, 0, 450.00, '2017-09-01', 'admin', NULL, 1, '2017-12-21 00:24:01'),
	(1910, '2017-12-21 00:24:07', 222, 0, 450.00, '2017-10-01', 'admin', NULL, 1, '2017-12-21 00:24:07'),
	(1911, '2017-12-21 00:24:12', 222, 0, 450.00, '2017-11-01', 'admin', NULL, 1, '2017-12-21 00:24:12'),
	(1912, '2017-12-21 00:24:26', 142, 0, 450.00, '2017-03-01', 'admin', NULL, 1, '2017-12-21 00:24:26'),
	(1913, '2017-12-21 00:24:33', 142, 0, 450.00, '2017-04-01', 'admin', NULL, 1, '2017-12-21 00:24:33'),
	(1914, '2017-12-21 00:24:38', 142, 0, 450.00, '2017-05-01', 'admin', NULL, 1, '2017-12-21 00:24:38'),
	(1915, '2017-12-21 00:24:43', 142, 0, 450.00, '2017-06-01', 'admin', NULL, 1, '2017-12-21 00:24:43'),
	(1916, '2017-12-21 00:24:49', 142, 0, 450.00, '2017-07-01', 'admin', NULL, 1, '2017-12-21 00:24:49'),
	(1917, '2017-12-21 00:24:55', 142, 0, 450.00, '2017-08-01', 'admin', NULL, 1, '2017-12-21 00:24:55'),
	(1918, '2017-12-21 00:25:01', 142, 0, 450.00, '2017-09-01', 'admin', NULL, 1, '2017-12-21 00:25:01'),
	(1919, '2017-12-21 00:25:09', 142, 0, 450.00, '2017-10-01', 'admin', NULL, 1, '2017-12-21 00:25:09'),
	(1920, '2017-12-21 00:25:20', 147, 0, 450.00, '2017-03-01', 'admin', NULL, 1, '2017-12-21 00:25:20'),
	(1921, '2017-12-21 00:25:26', 147, 0, 450.00, '2017-04-01', 'admin', NULL, 1, '2017-12-21 00:25:26'),
	(1922, '2017-12-21 00:25:32', 147, 0, 450.00, '2017-05-01', 'admin', NULL, 1, '2017-12-21 00:25:32'),
	(1923, '2017-12-21 00:25:38', 147, 0, 450.00, '2017-06-01', 'admin', NULL, 1, '2017-12-21 00:25:38'),
	(1924, '2017-12-21 00:25:44', 147, 0, 450.00, '2017-07-01', 'admin', NULL, 1, '2017-12-21 00:25:44'),
	(1925, '2017-12-21 00:25:50', 147, 0, 450.00, '2017-08-01', 'admin', NULL, 1, '2017-12-21 00:25:50'),
	(1926, '2017-12-21 00:25:50', 147, 0, 450.00, '2017-08-01', 'admin', NULL, 1, '2017-12-21 00:25:50'),
	(1927, '2017-12-21 00:25:58', 147, 0, 450.00, '2017-09-01', 'admin', NULL, 1, '2017-12-21 00:25:58'),
	(1928, '2017-12-21 00:26:03', 147, 0, 450.00, '2017-10-01', 'admin', NULL, 1, '2017-12-21 00:26:03'),
	(1929, '2017-12-21 00:26:08', 147, 0, 450.00, '2017-11-01', 'admin', NULL, 1, '2017-12-21 00:26:08'),
	(1930, '2017-12-21 00:26:34', 136, 0, 450.00, '2017-03-01', 'admin', NULL, 1, '2017-12-21 00:26:34'),
	(1931, '2017-12-21 00:26:42', 136, 0, 450.00, '2017-04-01', 'admin', NULL, 1, '2017-12-21 00:26:42'),
	(1932, '2017-12-21 00:26:48', 136, 0, 450.00, '2017-05-01', 'admin', NULL, 1, '2017-12-21 00:26:48'),
	(1933, '2017-12-21 00:26:54', 136, 0, 450.00, '2017-06-01', 'admin', NULL, 1, '2017-12-21 00:26:54'),
	(1934, '2017-12-21 00:27:01', 136, 0, 450.00, '2017-07-01', 'admin', NULL, 1, '2017-12-21 00:27:01'),
	(1935, '2017-12-21 00:27:11', 136, 0, 450.00, '2017-08-01', 'admin', NULL, 1, '2017-12-21 00:27:11'),
	(1936, '2017-12-21 00:27:18', 136, 0, 450.00, '2017-09-01', 'admin', NULL, 1, '2017-12-21 00:27:18'),
	(1937, '2017-12-21 00:27:25', 136, 0, 450.00, '2017-10-01', 'admin', NULL, 1, '2017-12-21 00:27:25'),
	(1938, '2017-12-21 00:27:25', 136, 0, 450.00, '2017-10-01', 'admin', NULL, 1, '2017-12-21 00:27:25'),
	(1939, '2017-12-21 00:27:38', 136, 0, 450.00, '2017-11-01', 'admin', NULL, 1, '2017-12-21 00:27:38'),
	(1940, '2017-12-21 00:27:53', 135, 0, 450.00, '2017-04-01', 'admin', NULL, 1, '2017-12-21 00:27:53'),
	(1941, '2017-12-21 00:28:00', 135, 0, 450.00, '2017-05-01', 'admin', NULL, 1, '2017-12-21 00:28:00'),
	(1942, '2017-12-21 00:28:00', 135, 0, 450.00, '2017-05-01', 'admin', NULL, 1, '2017-12-21 00:28:00'),
	(1943, '2017-12-21 00:28:07', 135, 0, 450.00, '2017-06-01', 'admin', NULL, 1, '2017-12-21 00:28:07'),
	(1944, '2017-12-21 00:28:14', 135, 0, 450.00, '2017-07-01', 'admin', NULL, 1, '2017-12-21 00:28:14'),
	(1945, '2017-12-21 00:28:27', 135, 0, 450.00, '2017-08-01', 'admin', NULL, 1, '2017-12-21 00:28:27'),
	(1946, '2017-12-21 00:28:33', 135, 0, 450.00, '2017-09-01', 'admin', NULL, 1, '2017-12-21 00:28:33'),
	(1947, '2017-12-21 00:28:43', 131, 0, 450.00, '2017-03-01', 'admin', NULL, 1, '2017-12-21 00:28:43'),
	(1948, '2017-12-21 00:28:48', 131, 0, 450.00, '2017-04-01', 'admin', NULL, 1, '2017-12-21 00:28:48'),
	(1949, '2017-12-21 00:28:54', 131, 0, 450.00, '2017-05-01', 'admin', NULL, 1, '2017-12-21 00:28:54'),
	(1950, '2017-12-21 00:29:00', 131, 0, 450.00, '2017-06-01', 'admin', NULL, 1, '2017-12-21 00:29:00'),
	(1951, '2017-12-21 00:29:05', 131, 0, 450.00, '2017-07-01', 'admin', NULL, 1, '2017-12-21 00:29:05'),
	(1952, '2017-12-21 00:29:10', 131, 0, 450.00, '2017-08-01', 'admin', NULL, 1, '2017-12-21 00:29:10'),
	(1953, '2017-12-21 00:29:15', 131, 0, 450.00, '2017-09-01', 'admin', NULL, 1, '2017-12-21 00:29:15'),
	(1954, '2017-12-21 00:29:20', 131, 0, 450.00, '2017-10-01', 'admin', NULL, 1, '2017-12-21 00:29:20'),
	(1955, '2017-12-21 00:29:27', 131, 0, 450.00, '2017-11-01', 'admin', NULL, 1, '2017-12-21 00:29:27'),
	(1956, '2017-12-21 00:29:50', 44, 0, 450.00, '2017-08-01', 'admin', NULL, 1, '2017-12-21 00:29:50'),
	(1957, '2017-12-21 00:29:56', 44, 0, 450.00, '2017-09-01', 'admin', NULL, 1, '2017-12-21 00:29:56'),
	(1958, '2017-12-21 00:30:07', 44, 0, 350.00, '2017-10-01', 'admin', NULL, 1, '2017-12-21 00:30:07'),
	(1959, '2017-12-21 00:30:17', 44, 0, 400.00, '2017-11-01', 'admin', NULL, 1, '2017-12-21 00:30:17'),
	(1960, '2017-12-21 00:31:36', 223, 0, 450.00, '2017-03-01', 'admin', NULL, 1, '2017-12-21 00:31:36'),
	(1961, '2017-12-21 00:31:45', 223, 0, 450.00, '2017-04-01', 'admin', NULL, 1, '2017-12-21 00:31:45'),
	(1962, '2017-12-21 00:31:52', 223, 0, 450.00, '2017-05-01', 'admin', NULL, 1, '2017-12-21 00:31:52'),
	(1963, '2017-12-21 00:31:59', 223, 0, 450.00, '2017-06-01', 'admin', NULL, 1, '2017-12-21 00:31:59'),
	(1964, '2017-12-21 00:32:06', 223, 0, 450.00, '2017-07-01', 'admin', NULL, 1, '2017-12-21 00:32:06'),
	(1965, '2017-12-21 00:32:13', 223, 0, 450.00, '2017-08-01', 'admin', NULL, 1, '2017-12-21 00:32:13'),
	(1966, '2017-12-21 00:32:21', 223, 0, 450.00, '2017-09-01', 'admin', NULL, 1, '2017-12-21 00:32:21'),
	(1967, '2017-12-21 00:32:27', 223, 0, 450.00, '2017-10-01', 'admin', NULL, 1, '2017-12-21 00:32:27'),
	(1968, '2017-12-21 00:32:34', 223, 0, 450.00, '2017-11-01', 'admin', NULL, 1, '2017-12-21 00:32:34'),
	(1969, '2017-12-21 00:32:40', 223, 0, 450.00, '2017-12-01', 'admin', NULL, 1, '2017-12-21 00:32:40'),
	(1970, '2017-12-21 00:32:55', 146, 0, 450.00, '2017-03-01', 'admin', NULL, 1, '2017-12-21 00:32:55'),
	(1971, '2017-12-21 00:33:02', 146, 0, 450.00, '2017-04-01', 'admin', NULL, 1, '2017-12-21 00:33:02'),
	(1972, '2017-12-21 00:33:09', 146, 0, 450.00, '2017-05-01', 'admin', NULL, 1, '2017-12-21 00:33:09'),
	(1973, '2017-12-21 00:33:28', 146, 0, 450.00, '2017-06-01', 'admin', NULL, 1, '2017-12-21 00:33:28'),
	(1974, '2017-12-21 00:33:35', 146, 0, 450.00, '2017-07-01', 'admin', NULL, 1, '2017-12-21 00:33:35'),
	(1975, '2017-12-21 00:33:43', 146, 0, 450.00, '2017-08-01', 'admin', NULL, 1, '2017-12-21 00:33:43'),
	(1976, '2017-12-21 00:33:51', 146, 0, 450.00, '2017-09-01', 'admin', NULL, 1, '2017-12-21 00:33:51'),
	(1977, '2017-12-21 00:33:59', 146, 0, 450.00, '2017-10-01', 'admin', NULL, 1, '2017-12-21 00:33:59'),
	(1978, '2017-12-21 00:34:13', 146, 0, 450.00, '2017-11-01', 'admin', NULL, 1, '2017-12-21 00:34:13'),
	(1979, '2018-01-03 22:29:47', 232, 0, 450.00, '2017-03-01', 'admin', NULL, 1, '2018-01-03 22:29:47'),
	(1980, '2018-01-03 22:30:03', 152, 0, 225.00, '2017-03-01', 'admin', NULL, 1, '2018-01-03 22:30:03'),
	(1981, '2018-01-03 22:30:22', 232, 0, 450.00, '2017-04-01', 'admin', NULL, 1, '2018-01-03 22:30:22'),
	(1982, '2018-01-03 22:30:29', 232, 0, 450.00, '2017-05-01', 'admin', NULL, 1, '2018-01-03 22:30:29'),
	(1983, '2018-01-03 22:30:35', 232, 0, 450.00, '2017-06-01', 'admin', NULL, 1, '2018-01-03 22:30:35'),
	(1984, '2018-01-03 22:30:40', 232, 0, 450.00, '2017-07-01', 'admin', NULL, 1, '2018-01-03 22:30:40'),
	(1985, '2018-01-03 22:30:47', 232, 0, 450.00, '2017-08-01', 'admin', NULL, 1, '2018-01-03 22:30:47'),
	(1986, '2018-01-03 22:30:52', 232, 0, 450.00, '2017-09-01', 'admin', NULL, 1, '2018-01-03 22:30:52'),
	(1987, '2018-01-03 22:30:59', 232, 0, 450.00, '2017-10-01', 'admin', NULL, 1, '2018-01-03 22:30:59'),
	(1988, '2018-01-03 22:31:05', 232, 0, 450.00, '2017-11-01', 'admin', NULL, 1, '2018-01-03 22:31:05'),
	(1989, '2018-01-03 22:31:10', 232, 0, 450.00, '2017-12-01', 'admin', NULL, 1, '2018-01-03 22:31:10'),
	(1990, '2018-01-03 22:31:11', 232, 0, 450.00, '2017-12-01', 'admin', NULL, 1, '2018-01-03 22:31:11'),
	(1991, '2018-01-03 22:31:23', 152, 0, 250.00, '2017-04-01', 'admin', NULL, 1, '2018-01-03 22:31:23'),
	(1992, '2018-01-03 22:31:40', 152, 0, 225.00, '2017-05-01', 'admin', NULL, 1, '2018-01-03 22:31:40'),
	(1993, '2018-01-03 22:32:17', 152, 0, 200.00, '2017-06-01', 'admin', NULL, 1, '2018-01-03 22:32:17'),
	(1994, '2018-01-03 22:32:32', 152, 0, 225.00, '2017-07-01', 'admin', NULL, 1, '2018-01-03 22:32:32'),
	(1995, '2018-01-03 22:32:39', 152, 0, 225.00, '2017-08-01', 'admin', NULL, 1, '2018-01-03 22:32:39'),
	(1996, '2018-01-03 22:32:50', 158, 0, 450.00, '2017-03-01', 'admin', NULL, 1, '2018-01-03 22:32:50'),
	(1997, '2018-01-03 22:33:09', 156, 0, 450.00, '2017-03-01', 'admin', NULL, 1, '2018-01-03 22:33:09'),
	(1998, '2018-01-03 22:33:15', 156, 0, 450.00, '2017-04-01', 'admin', NULL, 1, '2018-01-03 22:33:15'),
	(1999, '2018-01-03 22:33:20', 156, 0, 450.00, '2017-05-01', 'admin', NULL, 1, '2018-01-03 22:33:20'),
	(2000, '2018-01-03 22:33:29', 156, 0, 450.00, '2017-06-01', 'admin', NULL, 1, '2018-01-03 22:33:29'),
	(2001, '2018-01-03 22:33:35', 156, 0, 450.00, '2017-07-01', 'admin', NULL, 1, '2018-01-03 22:33:35'),
	(2002, '2018-01-03 22:33:47', 162, 0, 450.00, '2017-03-01', 'admin', NULL, 1, '2018-01-03 22:33:47'),
	(2003, '2018-01-03 22:34:04', 162, 0, 450.00, '2017-04-01', 'admin', NULL, 1, '2018-01-03 22:34:04'),
	(2004, '2018-01-03 22:34:15', 162, 0, 450.00, '2017-05-01', 'admin', NULL, 1, '2018-01-03 22:34:15'),
	(2005, '2018-01-03 22:34:31', 162, 0, 450.00, '2017-06-01', 'admin', NULL, 1, '2018-01-03 22:34:31'),
	(2006, '2018-01-03 22:34:37', 162, 0, 450.00, '2017-07-01', 'admin', NULL, 1, '2018-01-03 22:34:37'),
	(2007, '2018-01-03 22:34:43', 162, 0, 450.00, '2017-08-01', 'admin', NULL, 1, '2018-01-03 22:34:43'),
	(2008, '2018-01-03 22:34:49', 162, 0, 450.00, '2017-09-01', 'admin', NULL, 1, '2018-01-03 22:34:49'),
	(2009, '2018-01-03 22:34:55', 162, 0, 450.00, '2017-10-01', 'admin', NULL, 1, '2018-01-03 22:34:55'),
	(2010, '2018-01-03 22:35:01', 162, 0, 450.00, '2017-11-01', 'admin', NULL, 1, '2018-01-03 22:35:01'),
	(2011, '2018-01-03 22:35:35', 164, 0, 450.00, '2017-03-01', 'admin', NULL, 1, '2018-01-03 22:35:35'),
	(2012, '2018-01-03 22:35:44', 164, 0, 450.00, '2017-04-01', 'admin', NULL, 1, '2018-01-03 22:35:44'),
	(2013, '2018-01-03 22:35:54', 164, 0, 450.00, '2017-06-01', 'admin', NULL, 1, '2018-01-03 22:35:54'),
	(2014, '2018-01-03 22:36:01', 164, 0, 450.00, '2017-07-01', 'admin', NULL, 1, '2018-01-03 22:36:01'),
	(2015, '2018-01-03 22:36:08', 164, 0, 450.00, '2017-08-01', 'admin', NULL, 1, '2018-01-03 22:36:08'),
	(2016, '2018-01-03 22:36:15', 164, 0, 450.00, '2017-09-01', 'admin', NULL, 1, '2018-01-03 22:36:15'),
	(2017, '2018-01-03 22:36:22', 164, 0, 450.00, '2017-10-01', 'admin', NULL, 1, '2018-01-03 22:36:22'),
	(2018, '2018-01-03 22:36:29', 164, 0, 450.00, '2017-11-01', 'admin', NULL, 1, '2018-01-03 22:36:29'),
	(2019, '2018-01-03 22:37:34', 149, 0, 450.00, '2017-03-01', 'admin', NULL, 1, '2018-01-03 22:37:34'),
	(2020, '2018-01-03 22:37:41', 149, 0, 450.00, '2017-04-01', 'admin', NULL, 1, '2018-01-03 22:37:41'),
	(2021, '2018-01-03 22:37:46', 149, 0, 450.00, '2017-05-01', 'admin', NULL, 1, '2018-01-03 22:37:46'),
	(2022, '2018-01-03 22:37:52', 149, 0, 450.00, '2017-06-01', 'admin', NULL, 1, '2018-01-03 22:37:52'),
	(2023, '2018-01-03 22:37:59', 149, 0, 450.00, '2017-07-01', 'admin', NULL, 1, '2018-01-03 22:37:59'),
	(2024, '2018-01-03 22:38:07', 149, 0, 450.00, '2017-08-01', 'admin', NULL, 1, '2018-01-03 22:38:07'),
	(2025, '2018-01-03 22:38:22', 160, 0, 450.00, '2017-03-01', 'admin', NULL, 1, '2018-01-03 22:38:22'),
	(2026, '2018-01-03 22:38:28', 160, 0, 450.00, '2017-04-01', 'admin', NULL, 1, '2018-01-03 22:38:28'),
	(2027, '2018-01-03 22:38:33', 160, 0, 450.00, '2017-05-01', 'admin', NULL, 1, '2018-01-03 22:38:33'),
	(2028, '2018-01-03 22:38:40', 160, 0, 450.00, '2017-06-01', 'admin', NULL, 1, '2018-01-03 22:38:40'),
	(2029, '2018-01-03 22:38:45', 160, 0, 450.00, '2017-07-01', 'admin', NULL, 1, '2018-01-03 22:38:45'),
	(2030, '2018-01-03 22:38:51', 160, 0, 450.00, '2017-08-01', 'admin', NULL, 1, '2018-01-03 22:38:51'),
	(2031, '2018-01-03 22:38:56', 160, 0, 450.00, '2017-10-01', 'admin', NULL, 1, '2018-01-03 22:38:56'),
	(2032, '2018-01-03 22:39:02', 160, 0, 450.00, '2017-11-01', 'admin', NULL, 1, '2018-01-03 22:39:02'),
	(2033, '2018-01-03 22:39:33', 151, 0, 450.00, '2017-03-01', 'admin', NULL, 1, '2018-01-03 22:39:33'),
	(2034, '2018-01-03 22:39:39', 151, 0, 450.00, '2017-04-01', 'admin', NULL, 1, '2018-01-03 22:39:39'),
	(2035, '2018-01-03 22:39:44', 151, 0, 450.00, '2017-05-01', 'admin', NULL, 1, '2018-01-03 22:39:44'),
	(2036, '2018-01-03 22:39:50', 151, 0, 450.00, '2017-06-01', 'admin', NULL, 1, '2018-01-03 22:39:50'),
	(2037, '2018-01-03 22:39:55', 151, 0, 450.00, '2017-07-01', 'admin', NULL, 1, '2018-01-03 22:39:55'),
	(2038, '2018-01-03 22:40:00', 151, 0, 450.00, '2017-08-01', 'admin', NULL, 1, '2018-01-03 22:40:00'),
	(2039, '2018-01-03 22:40:06', 151, 0, 450.00, '2017-09-01', 'admin', NULL, 1, '2018-01-03 22:40:06'),
	(2040, '2018-01-03 22:40:12', 151, 0, 450.00, '2017-10-01', 'admin', NULL, 1, '2018-01-03 22:40:12'),
	(2041, '2018-01-03 22:40:17', 151, 0, 450.00, '2017-11-01', 'admin', NULL, 1, '2018-01-03 22:40:17'),
	(2042, '2018-01-03 22:40:24', 151, 0, 450.00, '2017-12-01', 'admin', NULL, 1, '2018-01-03 22:40:24'),
	(2043, '2018-01-03 22:41:42', 153, 0, 450.00, '2017-04-01', 'admin', NULL, 1, '2018-01-03 22:41:42'),
	(2044, '2018-01-03 22:41:50', 153, 0, 450.00, '2017-05-01', 'admin', NULL, 1, '2018-01-03 22:41:50'),
	(2045, '2018-01-03 22:42:02', 153, 0, 450.00, '2017-08-01', 'admin', NULL, 1, '2018-01-03 22:42:02'),
	(2046, '2018-01-03 22:42:38', 153, 0, 450.00, '2017-09-01', 'admin', NULL, 1, '2018-01-03 22:42:38'),
	(2047, '2018-01-03 22:42:49', 153, 0, 450.00, '2017-10-01', 'admin', NULL, 1, '2018-01-03 22:42:49'),
	(2048, '2018-01-03 22:43:00', 153, 0, 450.00, '2017-11-01', 'admin', NULL, 1, '2018-01-03 22:43:00'),
	(2049, '2018-02-15 23:29:26', 234, 0, 565.00, '2018-03-01', 'admin', NULL, 1, '2018-02-15 23:29:26'),
	(2050, '2018-02-15 23:47:08', 235, 0, 500.00, '2018-03-01', 'admin', NULL, 1, '2018-02-15 23:47:08'),
	(2051, '2018-02-20 22:00:38', 239, 0, 500.00, '2018-03-01', 'admin', NULL, 1, '2018-02-20 22:00:38'),
	(2052, '2018-02-20 22:20:21', 240, 0, 565.00, '2018-03-01', 'admin', NULL, 1, '2018-02-20 22:20:21'),
	(2053, '2018-02-20 22:24:58', 241, 0, 500.00, '2018-03-01', 'admin', NULL, 1, '2018-02-20 22:24:58'),
	(2054, '2018-02-22 22:15:56', 252, 0, 565.00, '2018-03-01', 'admin', NULL, 1, '2018-02-22 22:15:56'),
	(2055, '2018-02-22 22:59:18', 260, 0, 500.00, '2018-03-01', 'admin', NULL, 1, '2018-02-22 22:59:18'),
	(2056, '2018-02-23 22:45:27', 265, 0, 500.00, '2018-03-01', 'admin', NULL, 1, '2018-02-23 22:45:27'),
	(2057, '2018-02-23 23:12:12', 266, 0, 500.00, '2018-03-01', 'admin', NULL, 1, '2018-02-23 23:12:12'),
	(2058, '2018-02-23 23:43:16', 267, 0, 500.00, '2018-03-01', 'admin', NULL, 1, '2018-02-23 23:43:16'),
	(2059, '2018-02-26 21:57:45', 274, 0, 565.00, '2018-03-01', 'admin', NULL, 1, '2018-02-26 21:57:45'),
	(2060, '2018-02-26 22:30:55', 276, 0, 565.00, '2018-03-01', 'admin', NULL, 1, '2018-02-26 22:30:55'),
	(2061, '2018-02-27 21:38:16', 281, 0, 565.00, '2018-03-01', 'admin', NULL, 1, '2018-02-27 21:38:16'),
	(2062, '2018-02-27 22:04:01', 282, 0, 565.00, '2018-03-01', 'admin', NULL, 1, '2018-02-27 22:04:01'),
	(2063, '2018-02-27 22:21:17', 283, 0, 565.00, '2018-03-01', 'admin', NULL, 1, '2018-02-27 22:21:17'),
	(2064, '2018-02-27 22:24:16', 284, 0, 565.00, '2018-03-01', 'admin', NULL, 1, '2018-02-27 22:24:16'),
	(2065, '2018-02-27 23:04:50', 280, 0, 565.00, '2018-03-01', 'admin', NULL, 1, '2018-02-27 23:04:50'),
	(2066, '2018-02-27 23:06:03', 253, 0, 565.00, '2018-03-01', 'admin', NULL, 1, '2018-02-27 23:06:03'),
	(2067, '2018-02-27 23:14:05', 289, 0, 565.00, '2018-03-01', 'admin', NULL, 1, '2018-02-27 23:14:05'),
	(2068, '2018-02-28 21:54:00', 293, 0, 500.00, '2018-03-01', 'admin', NULL, 1, '2018-02-28 21:54:00'),
	(2069, '2018-02-28 21:54:09', 294, 0, 500.00, '2018-03-01', 'admin', NULL, 1, '2018-02-28 21:54:09'),
	(2070, '2018-02-28 22:28:14', 295, 0, 500.00, '2018-03-01', 'admin', NULL, 1, '2018-02-28 22:28:14'),
	(2071, '2018-02-28 22:29:18', 296, 0, 500.00, '2018-03-01', 'admin', NULL, 1, '2018-02-28 22:29:18'),
	(2072, '2018-02-28 22:43:07', 233, 0, 500.00, '2018-03-01', 'admin', NULL, 1, '2018-02-28 22:43:07'),
	(2073, '2018-02-28 23:55:25', 314, 0, 500.00, '2018-03-01', 'admin', NULL, 1, '2018-02-28 23:55:25'),
	(2074, '2018-03-01 21:45:15', 317, 0, 500.00, '2018-03-01', 'admin', NULL, 1, '2018-03-01 21:45:15');
/*!40000 ALTER TABLE `pago_insc_cuota` ENABLE KEYS */;

-- Volcando estructura para tabla abruzzesa_admin.periodo_curso
DROP TABLE IF EXISTS `periodo_curso`;
CREATE TABLE IF NOT EXISTS `periodo_curso` (
  `id_periodo_curso` int(11) NOT NULL AUTO_INCREMENT,
  `id_curso` int(11) NOT NULL,
  `fecha_alta` datetime NOT NULL,
  `fecha_inicio` datetime NOT NULL,
  `fecha_fin` datetime NOT NULL,
  `cant_meses` int(11) NOT NULL,
  `importe` decimal(9,2) DEFAULT NULL,
  `importe_inscripcion` decimal(9,2) DEFAULT NULL,
  `id_idioma` int(11) DEFAULT NULL,
  PRIMARY KEY (`id_periodo_curso`,`id_curso`),
  KEY `fk_periodo_curso_idx` (`id_curso`),
  KEY `fk_periodo_curso_idioma_idx` (`id_idioma`),
  CONSTRAINT `fk_periodo_curso` FOREIGN KEY (`id_curso`) REFERENCES `curso` (`id_curso`) ON DELETE NO ACTION ON UPDATE NO ACTION,
  CONSTRAINT `fk_periodo_curso_idioma` FOREIGN KEY (`id_idioma`) REFERENCES `idioma` (`id_idioma`) ON DELETE NO ACTION ON UPDATE NO ACTION
) ENGINE=InnoDB AUTO_INCREMENT=20 DEFAULT CHARSET=utf8;

-- Volcando datos para la tabla abruzzesa_admin.periodo_curso: ~16 rows (aproximadamente)
DELETE FROM `periodo_curso`;
/*!40000 ALTER TABLE `periodo_curso` DISABLE KEYS */;
INSERT INTO `periodo_curso` (`id_periodo_curso`, `id_curso`, `fecha_alta`, `fecha_inicio`, `fecha_fin`, `cant_meses`, `importe`, `importe_inscripcion`, `id_idioma`) VALUES
	(1, 1, '2017-12-01 00:00:00', '2017-04-07 00:00:00', '2017-12-31 00:00:00', 9, NULL, NULL, 2),
	(2, 6, '2017-12-01 00:00:00', '2017-03-06 00:00:00', '2017-12-31 00:00:00', 10, NULL, NULL, 4),
	(3, 6, '2017-12-01 00:00:00', '2017-03-06 00:00:00', '2017-12-31 00:00:00', 10, NULL, NULL, 5),
	(4, 6, '2017-12-01 00:00:00', '2017-03-06 00:00:00', '2017-12-31 00:00:00', 10, NULL, NULL, 6),
	(5, 6, '2017-12-01 00:00:00', '2017-03-06 00:00:00', '2017-12-31 00:00:00', 10, NULL, NULL, 7),
	(6, 6, '2017-05-05 00:00:00', '2017-03-01 00:00:00', '2017-11-30 00:00:00', 9, NULL, NULL, 3),
	(7, 6, '2017-12-15 00:00:00', '2017-03-01 00:00:00', '2017-12-31 00:00:00', 10, NULL, NULL, 8),
	(8, 6, '2017-12-01 00:00:00', '2017-03-01 00:00:00', '2017-12-31 00:00:00', 10, NULL, NULL, 9),
	(9, 6, '2017-12-01 00:00:00', '2017-03-01 00:00:00', '2017-12-31 00:00:00', 10, NULL, NULL, 10),
	(10, 6, '2017-12-01 00:00:00', '2017-08-01 00:00:00', '2017-12-31 00:00:00', 5, 450.00, NULL, 11),
	(11, 7, '2018-02-15 00:00:00', '2018-03-05 00:00:00', '2018-12-31 00:00:00', 10, 500.00, NULL, 4),
	(12, 7, '2018-02-15 00:00:00', '2018-03-05 00:00:00', '2018-12-31 00:00:00', 10, 500.00, NULL, 5),
	(13, 7, '2018-02-15 00:00:00', '2018-03-05 00:00:00', '2018-06-30 00:00:00', 4, 565.00, NULL, 8),
	(14, 7, '2018-02-15 00:00:00', '2018-03-05 00:00:00', '2018-12-31 00:00:00', 10, 500.00, NULL, 6),
	(15, 7, '2018-02-15 00:00:00', '2018-03-05 00:00:00', '2018-12-31 00:00:00', 10, 500.00, NULL, 7),
	(16, 7, '2018-02-15 00:00:00', '2018-03-05 00:00:00', '2018-06-30 00:00:00', 4, 565.00, NULL, 9),
	(17, 7, '2018-02-15 00:00:00', '2018-03-05 00:00:00', '2018-06-30 00:00:00', 4, 565.00, NULL, 10),
	(18, 7, '2018-02-15 00:00:00', '2018-07-01 00:00:00', '2018-12-31 00:00:00', 6, 565.00, NULL, 11),
	(19, 7, '2018-02-15 00:00:00', '2018-03-05 00:00:00', '2018-12-31 00:00:00', 10, 500.00, NULL, 3);
/*!40000 ALTER TABLE `periodo_curso` ENABLE KEYS */;

-- Volcando estructura para vista abruzzesa_admin.v_caja
DROP VIEW IF EXISTS `v_caja`;
-- Creando tabla temporal para superar errores de dependencia de VIEW
CREATE TABLE `v_caja` (
	`fecha` DATETIME NULL,
	`id_concepto` BIGINT(11) NULL,
	`estado` VARCHAR(45) NULL COLLATE 'utf8_general_ci',
	`concepto` VARCHAR(255) NULL COLLATE 'utf8_general_ci',
	`descripcion` TEXT NULL COLLATE 'utf8_general_ci',
	`entrada` DECIMAL(19,2) NULL,
	`salida` DECIMAL(9,2) NOT NULL,
	`importe` DECIMAL(19,2) NULL
) ENGINE=MyISAM;

-- Volcando estructura para tabla abruzzesa_admin.z_cron_trigger
DROP TABLE IF EXISTS `z_cron_trigger`;
CREATE TABLE IF NOT EXISTS `z_cron_trigger` (
  `id_cron_trigger` varchar(255) NOT NULL,
  `fecha_desde` datetime DEFAULT NULL,
  `fecha_hasta` datetime DEFAULT NULL,
  `nro_mes` int(11) DEFAULT NULL,
  `nro_dia` int(11) DEFAULT NULL,
  `nro_repeticiones` int(11) DEFAULT NULL,
  `nro_intervalos` int(11) DEFAULT NULL,
  `tipo_intervalo` varchar(3) DEFAULT NULL,
  `id_job` int(11) DEFAULT NULL,
  PRIMARY KEY (`id_cron_trigger`),
  KEY `FK_cron_trigger_job_idx` (`id_job`),
  CONSTRAINT `FK_cron_trigger_job` FOREIGN KEY (`id_job`) REFERENCES `z_job` (`id_job`) ON DELETE NO ACTION ON UPDATE NO ACTION
) ENGINE=InnoDB DEFAULT CHARSET=utf8;

-- Volcando datos para la tabla abruzzesa_admin.z_cron_trigger: ~0 rows (aproximadamente)
DELETE FROM `z_cron_trigger`;
/*!40000 ALTER TABLE `z_cron_trigger` DISABLE KEYS */;
/*!40000 ALTER TABLE `z_cron_trigger` ENABLE KEYS */;

-- Volcando estructura para tabla abruzzesa_admin.z_job
DROP TABLE IF EXISTS `z_job`;
CREATE TABLE IF NOT EXISTS `z_job` (
  `id_job` int(11) NOT NULL AUTO_INCREMENT,
  `nombre` varchar(255) NOT NULL,
  `descripcion` varchar(255) DEFAULT NULL,
  `observacion` blob,
  `disparador` varchar(255) NOT NULL,
  PRIMARY KEY (`id_job`)
) ENGINE=InnoDB AUTO_INCREMENT=5 DEFAULT CHARSET=utf8;

-- Volcando datos para la tabla abruzzesa_admin.z_job: ~2 rows (aproximadamente)
DELETE FROM `z_job`;
/*!40000 ALTER TABLE `z_job` DISABLE KEYS */;
INSERT INTO `z_job` (`id_job`, `nombre`, `descripcion`, `observacion`, `disparador`) VALUES
	(4, 'backup', 'null', NULL, 'org.lg.server.quartz.jobs.JobsBackups');
/*!40000 ALTER TABLE `z_job` ENABLE KEYS */;

-- Volcando estructura para tabla abruzzesa_admin.z_pantalla
DROP TABLE IF EXISTS `z_pantalla`;
CREATE TABLE IF NOT EXISTS `z_pantalla` (
  `idpantalla` int(11) NOT NULL AUTO_INCREMENT,
  `Nombre` varchar(255) NOT NULL,
  `icono` blob,
  `classidentity` varchar(255) DEFAULT NULL,
  PRIMARY KEY (`idpantalla`)
) ENGINE=InnoDB AUTO_INCREMENT=72 DEFAULT CHARSET=utf8;

-- Volcando datos para la tabla abruzzesa_admin.z_pantalla: ~46 rows (aproximadamente)
DELETE FROM `z_pantalla`;
/*!40000 ALTER TABLE `z_pantalla` DISABLE KEYS */;
INSERT INTO `z_pantalla` (`idpantalla`, `Nombre`, `icono`, `classidentity`) VALUES
	(1, 'PanelGrillaPantallaPermisos', NULL, 'PantallaPermisos'),
	(2, 'InformeAlumnosInscriptos', NULL, 'Informe Alumnos Inscriptos'),
	(3, 'PanelGrillaSocio', NULL, 'Socio'),
	(4, 'PanelGrillaPantalla', NULL, 'Pantalla'),
	(5, 'PanelGrillaPeriodoCurso', NULL, 'PeriodoCurso'),
	(6, 'PanelGrillaInscripcion', NULL, 'Inscripcion'),
	(7, 'PanelGrillaPerfilesPermisos', NULL, 'PerfilesPermisos'),
	(8, 'PanelGrillaPerfilesPantallas', NULL, 'PerfilesPantallas'),
	(9, 'PanelConfiguracion', NULL, 'Configuración'),
	(10, 'InformeImporteAlumnosInscriptos', NULL, 'Informe de Importes Alumnos Inscriptos '),
	(11, 'PanelGrillaPerfilesUsuarios', NULL, 'PerfilesUsuarios'),
	(12, 'PanelGrillaPagoAsocCuota', NULL, 'PagoAsocCuota'),
	(13, 'PanelGrillaUsuarioPerfiles', NULL, 'UsuarioPerfiles'),
	(14, 'PanelGrillaCaja', NULL, 'Caja'),
	(15, 'PanelGrillaAsociado', NULL, 'Asociado'),
	(16, 'PanelGrillaConcepto', NULL, 'Concepto'),
	(17, 'PanelGrillaExamenCurso', NULL, 'ExamenCurso'),
	(18, 'PanelGrillaAlumno', NULL, 'Alumno'),
	(19, 'PanelGrillaUsuario', NULL, 'Usuario'),
	(20, 'PanelGrillaPermiso', NULL, 'Permiso'),
	(21, 'PanelGrillaCurso', NULL, 'Curso'),
	(22, 'PanelGrillaIdioma', NULL, 'Idioma'),
	(23, 'PanelGrillaPagoInscCuota', NULL, 'PagoInscCuota'),
	(47, 'PantallaPermisos', NULL, 'PanelGrillaPantallaPermisos'),
	(48, 'Informe Alumnos Inscriptos', NULL, 'InformeAlumnosInscriptos'),
	(49, 'Socio', NULL, 'PanelGrillaSocio'),
	(50, 'Pantalla', NULL, 'PanelGrillaPantalla'),
	(51, 'PeriodoCurso', NULL, 'PanelGrillaPeriodoCurso'),
	(52, 'Inscripcion', NULL, 'PanelGrillaInscripcion'),
	(53, 'PerfilesPermisos', NULL, 'PanelGrillaPerfilesPermisos'),
	(54, 'PerfilesPantallas', NULL, 'PanelGrillaPerfilesPantallas'),
	(55, 'Configuración', NULL, 'PanelConfiguracion'),
	(56, 'Informe de Importes Alumnos Inscriptos ', NULL, 'InformeImporteAlumnosInscriptos'),
	(57, 'PerfilesUsuarios', NULL, 'PanelGrillaPerfilesUsuarios'),
	(58, 'PagoAsocCuota', NULL, 'PanelGrillaPagoAsocCuota'),
	(59, 'UsuarioPerfiles', NULL, 'PanelGrillaUsuarioPerfiles'),
	(60, 'Caja', NULL, 'PanelGrillaCaja'),
	(61, 'Asociado', NULL, 'PanelGrillaAsociado'),
	(62, 'Concepto', NULL, 'PanelGrillaConcepto'),
	(63, 'ExamenCurso', NULL, 'PanelGrillaExamenCurso'),
	(64, 'Alumno', NULL, 'PanelGrillaAlumno'),
	(65, 'Usuario', NULL, 'PanelGrillaUsuario'),
	(66, 'Permiso', NULL, 'PanelGrillaPermiso'),
	(67, 'Curso', NULL, 'PanelGrillaCurso'),
	(68, 'Idioma', NULL, 'PanelGrillaIdioma'),
	(69, 'PagoInscCuota', NULL, 'PanelGrillaPagoInscCuota'),
	(70, 'Informe Balance', NULL, 'InformeBalance'),
	(71, 'Informe Balance Anual', NULL, 'InformeTotales');
/*!40000 ALTER TABLE `z_pantalla` ENABLE KEYS */;

-- Volcando estructura para tabla abruzzesa_admin.z_pantalla_permisos
DROP TABLE IF EXISTS `z_pantalla_permisos`;
CREATE TABLE IF NOT EXISTS `z_pantalla_permisos` (
  `idPantalla` int(11) NOT NULL,
  `idPermiso` varchar(10) NOT NULL,
  PRIMARY KEY (`idPantalla`,`idPermiso`),
  KEY `PK_z_pantalla_permisos_z_permiso` (`idPermiso`),
  KEY `PK_z_pantalla_permisos_z_pantalla` (`idPantalla`),
  CONSTRAINT `FK_z_pantalla_permisos_z_pantalla` FOREIGN KEY (`idPantalla`) REFERENCES `z_pantalla` (`idpantalla`),
  CONSTRAINT `FK_z_pantalla_permisos_z_permiso` FOREIGN KEY (`idPermiso`) REFERENCES `z_permiso` (`idpermiso`)
) ENGINE=InnoDB DEFAULT CHARSET=utf8;

-- Volcando datos para la tabla abruzzesa_admin.z_pantalla_permisos: ~0 rows (aproximadamente)
DELETE FROM `z_pantalla_permisos`;
/*!40000 ALTER TABLE `z_pantalla_permisos` DISABLE KEYS */;
/*!40000 ALTER TABLE `z_pantalla_permisos` ENABLE KEYS */;

-- Volcando estructura para tabla abruzzesa_admin.z_parametros_globales
DROP TABLE IF EXISTS `z_parametros_globales`;
CREATE TABLE IF NOT EXISTS `z_parametros_globales` (
  `id_param` int(11) NOT NULL AUTO_INCREMENT,
  `variable` varchar(255) DEFAULT NULL,
  `valor` varchar(255) DEFAULT NULL,
  PRIMARY KEY (`id_param`)
) ENGINE=InnoDB AUTO_INCREMENT=4 DEFAULT CHARSET=utf8;

-- Volcando datos para la tabla abruzzesa_admin.z_parametros_globales: ~2 rows (aproximadamente)
DELETE FROM `z_parametros_globales`;
/*!40000 ALTER TABLE `z_parametros_globales` DISABLE KEYS */;
INSERT INTO `z_parametros_globales` (`id_param`, `variable`, `valor`) VALUES
	(1, 'BACKUP_PATH', 'c:\\backups'),
	(2, 'BACKUP_NOMBRE', 'bk-abruzzesa'),
	(3, 'CONCEPTO_PAGO_INSC', '1');
/*!40000 ALTER TABLE `z_parametros_globales` ENABLE KEYS */;

-- Volcando estructura para tabla abruzzesa_admin.z_perfiles_pantallas
DROP TABLE IF EXISTS `z_perfiles_pantallas`;
CREATE TABLE IF NOT EXISTS `z_perfiles_pantallas` (
  `idPantallas` int(11) NOT NULL,
  `idPerfiles` int(11) NOT NULL,
  PRIMARY KEY (`idPantallas`,`idPerfiles`),
  KEY `PK_z_perfiles_pantallas_z_perfiles_usuarios` (`idPerfiles`),
  KEY `PK_z_perfiles_pantallas_z_pantalla` (`idPantallas`),
  CONSTRAINT `FK_z_perfiles_pantallas_z_pantalla` FOREIGN KEY (`idPantallas`) REFERENCES `z_pantalla` (`idpantalla`),
  CONSTRAINT `FK_z_perfiles_pantallas_z_perfiles_usuarios` FOREIGN KEY (`idPerfiles`) REFERENCES `z_perfiles_usuarios` (`idperfiles`)
) ENGINE=InnoDB DEFAULT CHARSET=utf8;

-- Volcando datos para la tabla abruzzesa_admin.z_perfiles_pantallas: ~11 rows (aproximadamente)
DELETE FROM `z_perfiles_pantallas`;
/*!40000 ALTER TABLE `z_perfiles_pantallas` DISABLE KEYS */;
INSERT INTO `z_perfiles_pantallas` (`idPantallas`, `idPerfiles`) VALUES
	(2, 1),
	(9, 1),
	(10, 1),
	(11, 1),
	(16, 1),
	(18, 1),
	(19, 1),
	(21, 1),
	(22, 1),
	(70, 1),
	(71, 1);
/*!40000 ALTER TABLE `z_perfiles_pantallas` ENABLE KEYS */;

-- Volcando estructura para tabla abruzzesa_admin.z_perfiles_permisos
DROP TABLE IF EXISTS `z_perfiles_permisos`;
CREATE TABLE IF NOT EXISTS `z_perfiles_permisos` (
  `idPerfiles` int(50) NOT NULL,
  `idPermisos` varchar(50) NOT NULL,
  PRIMARY KEY (`idPerfiles`,`idPermisos`),
  KEY `PK_z_perfiles_z_permisos` (`idPermisos`),
  KEY `PK_z_perfiles_z_perfiles_usuarios` (`idPerfiles`),
  CONSTRAINT `FK_z_perfiles_z_perfiles_usuarios` FOREIGN KEY (`idPerfiles`) REFERENCES `z_perfiles_usuarios` (`idperfiles`),
  CONSTRAINT `FK_z_perfiles_z_permisos` FOREIGN KEY (`idPermisos`) REFERENCES `z_permiso` (`idpermiso`)
) ENGINE=InnoDB DEFAULT CHARSET=utf8;

-- Volcando datos para la tabla abruzzesa_admin.z_perfiles_permisos: ~0 rows (aproximadamente)
DELETE FROM `z_perfiles_permisos`;
/*!40000 ALTER TABLE `z_perfiles_permisos` DISABLE KEYS */;
/*!40000 ALTER TABLE `z_perfiles_permisos` ENABLE KEYS */;

-- Volcando estructura para tabla abruzzesa_admin.z_perfiles_usuarios
DROP TABLE IF EXISTS `z_perfiles_usuarios`;
CREATE TABLE IF NOT EXISTS `z_perfiles_usuarios` (
  `idperfiles` int(11) NOT NULL AUTO_INCREMENT,
  `nombre` varchar(90) NOT NULL,
  `estructura_menu` varchar(8000) DEFAULT NULL,
  PRIMARY KEY (`idperfiles`)
) ENGINE=InnoDB AUTO_INCREMENT=2 DEFAULT CHARSET=utf8;

-- Volcando datos para la tabla abruzzesa_admin.z_perfiles_usuarios: ~1 rows (aproximadamente)
DELETE FROM `z_perfiles_usuarios`;
/*!40000 ALTER TABLE `z_perfiles_usuarios` DISABLE KEYS */;
INSERT INTO `z_perfiles_usuarios` (`idperfiles`, `nombre`, `estructura_menu`) VALUES
	(1, 'Administrador', '<?xml version="1.0" encoding="UTF-8"?>\r\n<Menu>\r\n<Menu class="" icon="table_edit.png" id="" name="Inscripciones" type="F">\r\n<MenuItem class="PanelGrillaAlumno" icon="" id="18" name="Alumno" type="I"/>\r\n</Menu>\r\n<Menu class="" icon="printer.png" id="" name="Informes" type="F">\r\n<MenuItem class="InformeTotales" icon="" id="71" name="Informe Balance Anual" type="I"/>\r\n<MenuItem class="InformeBalance" icon="" id="70" name="Informe Balance" type="I"/>\r\n<MenuItem class="InformeImporteAlumnosInscriptos" icon="" id="10" name="Informe de Importes Alumnos Inscriptos " type="I"/>\r\n<MenuItem class="InformeAlumnosInscriptos" icon="" id="2" name="Informe Alumnos Inscriptos" type="I"/>\r\n</Menu>\r\n<MenuItem class="" icon="insert-chart-line.png" id="" name="Estadísticas" type="F"/>\r\n<Menu class="" icon="database_gear.png" id="" name="Configuración" type="F">\r\n<MenuItem class="PanelGrillaCurso" icon="" id="21" name="Curso" type="I"/>\r\n<MenuItem class="PanelGrillaIdioma" icon="" id="22" name="Idioma" type="I"/>\r\n<MenuItem class="PanelGrillaConcepto" icon="" id="16" name="Concepto" type="I"/>\r\n<Menu class="" icon="bricks.png" id="" name="General" type="F">\r\n<MenuItem class="PanelConfiguracion" icon="" id="9" name="Configuración" type="I"/>\r\n</Menu>\r\n</Menu>\r\n<Menu class="" icon="vcard_delete.png" id="" name="Seguridad" type="F">\r\n<MenuItem class="PanelGrillaPerfilesUsuarios" icon="" id="11" name="PerfilesUsuarios" type="I"/>\r\n<MenuItem class="PanelGrillaUsuario" icon="" id="19" name="Usuario" type="I"/>\r\n</Menu>\r\n<MenuItem class="" icon="book.png" id="" name="Caja" type="F"/>\r\n<MenuItem class="" icon="cog.png" id="" name="Herramientas" type="F"/>\r\n</Menu>\r\n');
/*!40000 ALTER TABLE `z_perfiles_usuarios` ENABLE KEYS */;

-- Volcando estructura para tabla abruzzesa_admin.z_permiso
DROP TABLE IF EXISTS `z_permiso`;
CREATE TABLE IF NOT EXISTS `z_permiso` (
  `idpermiso` varchar(50) NOT NULL,
  `descripcion` varchar(255) DEFAULT NULL,
  PRIMARY KEY (`idpermiso`)
) ENGINE=InnoDB DEFAULT CHARSET=utf8;

-- Volcando datos para la tabla abruzzesa_admin.z_permiso: ~6 rows (aproximadamente)
DELETE FROM `z_permiso`;
/*!40000 ALTER TABLE `z_permiso` DISABLE KEYS */;
INSERT INTO `z_permiso` (`idpermiso`, `descripcion`) VALUES
	('AGREGAR', 'Agregar elementos'),
	('CARGAR_RESULTADOS', 'Cargar resultados'),
	('EDITAR', 'Editar elementos'),
	('ELIMINAR', 'Eliminar elementos'),
	('IMPRIMIR_PROTOCOLO', 'Imprimir Protocolos'),
	('VALIDAR_RESULTADOS', 'Validar resultados');
/*!40000 ALTER TABLE `z_permiso` ENABLE KEYS */;

-- Volcando estructura para tabla abruzzesa_admin.z_simple_trigger
DROP TABLE IF EXISTS `z_simple_trigger`;
CREATE TABLE IF NOT EXISTS `z_simple_trigger` (
  `id_simple_trigger` int(11) NOT NULL AUTO_INCREMENT,
  `fecha_desde` datetime DEFAULT NULL,
  `fecha_hasta` datetime DEFAULT NULL,
  `nro_repeticiones` int(11) DEFAULT NULL,
  `nro_intervalos` int(11) DEFAULT NULL,
  `tipo_intervalo` varchar(3) DEFAULT NULL,
  `id_job` int(11) DEFAULT NULL,
  PRIMARY KEY (`id_simple_trigger`),
  KEY `FK_simple_trigger_job_idx` (`id_job`),
  CONSTRAINT `FK_simple_trigger_job` FOREIGN KEY (`id_job`) REFERENCES `z_job` (`id_job`) ON DELETE NO ACTION ON UPDATE NO ACTION
) ENGINE=InnoDB AUTO_INCREMENT=4 DEFAULT CHARSET=utf8;

-- Volcando datos para la tabla abruzzesa_admin.z_simple_trigger: ~2 rows (aproximadamente)
DELETE FROM `z_simple_trigger`;
/*!40000 ALTER TABLE `z_simple_trigger` DISABLE KEYS */;
INSERT INTO `z_simple_trigger` (`id_simple_trigger`, `fecha_desde`, `fecha_hasta`, `nro_repeticiones`, `nro_intervalos`, `tipo_intervalo`, `id_job`) VALUES
	(3, '2017-05-26 18:50:00', NULL, 1, NULL, 'DIA', 4);
/*!40000 ALTER TABLE `z_simple_trigger` ENABLE KEYS */;

-- Volcando estructura para tabla abruzzesa_admin.z_trigger
DROP TABLE IF EXISTS `z_trigger`;
CREATE TABLE IF NOT EXISTS `z_trigger` (
  `idz_trigger` varchar(255) NOT NULL,
  `fecha_desde` datetime DEFAULT NULL,
  `duracion` int(11) DEFAULT NULL,
  `tipo_duracion` varchar(3) DEFAULT NULL,
  `estado` varchar(45) DEFAULT NULL,
  PRIMARY KEY (`idz_trigger`)
) ENGINE=InnoDB DEFAULT CHARSET=utf8;

-- Volcando datos para la tabla abruzzesa_admin.z_trigger: ~0 rows (aproximadamente)
DELETE FROM `z_trigger`;
/*!40000 ALTER TABLE `z_trigger` DISABLE KEYS */;
/*!40000 ALTER TABLE `z_trigger` ENABLE KEYS */;

-- Volcando estructura para tabla abruzzesa_admin.z_usuario
DROP TABLE IF EXISTS `z_usuario`;
CREATE TABLE IF NOT EXISTS `z_usuario` (
  `usuario` varchar(16) NOT NULL,
  `email` varchar(255) DEFAULT NULL,
  `clave` varchar(32) NOT NULL,
  `create_time` datetime DEFAULT CURRENT_TIMESTAMP,
  PRIMARY KEY (`usuario`)
) ENGINE=InnoDB DEFAULT CHARSET=utf8;

-- Volcando datos para la tabla abruzzesa_admin.z_usuario: ~0 rows (aproximadamente)
DELETE FROM `z_usuario`;
/*!40000 ALTER TABLE `z_usuario` DISABLE KEYS */;
INSERT INTO `z_usuario` (`usuario`, `email`, `clave`, `create_time`) VALUES
	('admin', NULL, '123', '2017-04-07 23:12:31');
/*!40000 ALTER TABLE `z_usuario` ENABLE KEYS */;

-- Volcando estructura para tabla abruzzesa_admin.z_usuario_perfiles
DROP TABLE IF EXISTS `z_usuario_perfiles`;
CREATE TABLE IF NOT EXISTS `z_usuario_perfiles` (
  `idPerfil` int(11) NOT NULL,
  `usuario` varchar(16) NOT NULL,
  PRIMARY KEY (`idPerfil`,`usuario`),
  KEY `PK_z_usuario_perfiles_z_usuario` (`usuario`),
  KEY `PK_z_usuario_perfiles_z_perfiles_usuarios` (`idPerfil`),
  CONSTRAINT `FK_z_usuarioperfiles_zperf_usuarios` FOREIGN KEY (`idPerfil`) REFERENCES `z_perfiles_usuarios` (`idperfiles`),
  CONSTRAINT `FK_z_usuarioperfiles_zusuario` FOREIGN KEY (`usuario`) REFERENCES `z_usuario` (`usuario`)
) ENGINE=InnoDB DEFAULT CHARSET=utf8;

-- Volcando datos para la tabla abruzzesa_admin.z_usuario_perfiles: ~0 rows (aproximadamente)
DELETE FROM `z_usuario_perfiles`;
/*!40000 ALTER TABLE `z_usuario_perfiles` DISABLE KEYS */;
/*!40000 ALTER TABLE `z_usuario_perfiles` ENABLE KEYS */;

-- Volcando estructura para vista abruzzesa_admin.v_caja
DROP VIEW IF EXISTS `v_caja`;
-- Eliminando tabla temporal y crear estructura final de VIEW
DROP TABLE IF EXISTS `v_caja`;
CREATE ALGORITHM=UNDEFINED DEFINER=`root`@`localhost` SQL SECURITY DEFINER VIEW `v_caja` AS select `pago`.`fecha_pago` AS `fecha`,1 AS `id_concepto`,'I' AS `estado`,'Cuota' AS `concepto`,concat(`a`.`dni`,'-',`c`.`nombre`,' ',`idi`.`descripcion`,' (',month(`pago`.`fecha_cuota`),'/',year(`pago`.`fecha_cuota`),')') AS `descripcion`,`pago`.`importe` AS `entrada`,0 AS `salida`,`pago`.`importe` AS `importe` from (((((`pago_insc_cuota` `pago` join `inscripcion` `i` on((`i`.`id_inscripcion` = `pago`.`id_inscripcion`))) left join `periodo_curso` `p` on((`p`.`id_periodo_curso` = `i`.`id_periodo_curso`))) left join `curso` `c` on((`c`.`id_curso` = `p`.`id_curso`))) left join `idioma` `idi` on((`idi`.`id_idioma` = `p`.`id_idioma`))) join `alumno` `a` on((`a`.`id_alumno` = `i`.`id_alumno`))) union select `c`.`fecha` AS `fecha`,`concep`.`id_concepto` AS `id_concepto`,`c`.`estado` AS `estado`,`concep`.`descripcion` AS `concepto`,`c`.`descripcion` AS `descripcion`,(case when (`c`.`estado` = 'I') then `c`.`importe` else 0 end) AS `entrada`,(case when (`c`.`estado` = 'E') then `c`.`importe` else 0 end) AS `salida`,`c`.`importe` AS `importe` from (`caja` `c` left join `concepto` `concep` on((`concep`.`id_concepto` = `c`.`id_concepto`))) where (`concep`.`descripcion` <> 'Cuota') order by `fecha` desc;

/*!40101 SET SQL_MODE=IFNULL(@OLD_SQL_MODE, '') */;
/*!40014 SET FOREIGN_KEY_CHECKS=IF(@OLD_FOREIGN_KEY_CHECKS IS NULL, 1, @OLD_FOREIGN_KEY_CHECKS) */;
/*!40101 SET CHARACTER_SET_CLIENT=@OLD_CHARACTER_SET_CLIENT */;
